"Category Attribute Mapping History","Historia mapowania atrybutów kategorii"
"Connected","Połączono"
"Unmapped","Odmapowano"
"Remapped","Przemapowano"
"Included","Uwzględniono"
"Excluded","Wykluczono"
"Created","Utworzono"
"Deleted","Usunięto"
"Renamed","Zmieniono nazwę"
"Type changed","Zmieniono typ"
"Scope changed","Zmieniono zakres"
"History could not be loaded.","Nie udało się wczytać historii."
"Search %1 attributes","Szukaj atrybutów %1"
"Search attributes...","Szukaj atrybutów..."
"Operations","Operacje"
"Choose an operation","Wybierz operację"
"Operation details","Szczegóły operacji"
"Close","Zamknij"
"No recorded state yet.","Nie zapisano jeszcze żadnego stanu."
"No matching attributes.","Brak pasujących atrybutów."
"All attributes are mapped and included.","Wszystkie atrybuty są zmapowane i uwzględnione."
"No attributes in this state.","Brak atrybutów w tym stanie."
"Loading historical state...","Wczytywanie stanu historycznego..."
"Not present","Nie istnieje"
"Label","Nazwa"
"Code","Kod"
"Type","Typ"
"Scope","Zakres"
"Mapping","Mapowanie"
"Visibility","Widoczność"
"No changes were recorded for this operation.","Dla tej operacji nie zarejestrowano zmian."
"Selected change","Wybrana zmiana"
"Before","Przed"
"After","Po"
"Show attribute","Pokaż atrybut"
"Operation not found. Select another operation.","Nie znaleziono operacji. Wybierz inną operację."
"Operation not found.","Nie znaleziono operacji."
"An operation is required.","Wymagana jest operacja."

"Attribute history","Historia atrybutów"
"Added to draft mapping","Dodano do mapowania roboczego"
"Removed from draft mapping","Usunięto z mapowania roboczego"
"Draft mapping — awaiting connection","Mapowanie robocze — oczekuje na połączenie"
"New","Nowy"
"Attribute state after the selected operation, including unmapped attributes.","Stan atrybutów po wybranej operacji, również tych niezmapowanych."
"This older entry does not include draft mapping status.","Ten starszy wpis nie zawiera informacji o stanie mapowań roboczych."
"Only changes","Tylko zmiany"
"No changes to show.","Brak zmian do pokazania."
"Changes made by the selected operation.","Zmiany wprowadzone przez wybraną operację."
"Attribute and option history","Historia atrybutów i opcji"
"Tree history","Historia drzewa"
"Record changes","Zapisuj zmiany"
"Automatic cleanup","Automatyczne czyszczenie"
"Keep for (days)","Przechowuj przez (dni)"
"Schedule","Harmonogram"
"Disabling recording preserves existing history. Changes made while disabled are not backfilled.","Wyłączenie zapisu zachowuje istniejącą historię. Zmiany z okresu wyłączenia nie są uzupełniane wstecz."
"Permanently remove expired history, including existing records. Cleanup also runs when recording is disabled.","Trwale usuwa przeterminowaną historię, także istniejące wpisy. Czyszczenie działa również przy wyłączonym zapisie."
"Keep history for this many days after an operation finishes. Enter a positive whole number; default: 30.","Przechowuj historię przez podaną liczbę dni od zakończenia operacji. Wpisz dodatnią liczbę całkowitą; domyślnie: 30."
"History retention must be a positive whole number of days.","Okres przechowywania historii musi być dodatnią liczbą całkowitą dni."
"Five-part cron expression in the Magento configuration timezone. Default: 15 2 * * *.","Pięcioczęściowe wyrażenie cron w strefie czasowej konfiguracji Magento. Domyślnie: 15 2 * * *."
