"Identity","Tożsamość"
"Use Magento SKU in both systems","Używaj SKU Magento w obu systemach"
"Use a Magento attribute as Ergonode SKU","Używaj atrybutu Magento jako SKU Ergonode"
"Magento attribute for Ergonode SKU","Atrybut Magento dla SKU Ergonode"
"Used in mapped SKU mode. Enter the code of a unique, global text product attribute. The same code works with EAV and static storage.","Używany w trybie mapowanego SKU. Podaj kod unikalnego, globalnego atrybutu tekstowego produktu. Ten sam kod działa przy przechowywaniu EAV i static."
"Let Ergonode assign SKU; publish Magento SKU as a separate attribute","Pozwól Ergonode nadać SKU; publikuj SKU Magento jako osobny atrybut"
"Independent SKUs unavailable — restore product attribute mapping support","Niezależne SKU niedostępne — przywróć obsługę mapowania atrybutów produktu"
"Used for new product bindings in both synchronization directions. Independent SKUs require product attribute mapping support. After selecting that mode, map Magento SKU to one unique Global Text attribute before synchronizing. Existing bindings keep their original mode.","Dotyczy nowych powiązań produktów w obu kierunkach synchronizacji. Niezależne SKU wymagają obsługi mapowania atrybutów produktu. Po wybraniu tego trybu zmapuj SKU Magento do jednego unikalnego atrybutu Global Text przed synchronizacją. Istniejące powiązania zachowują swój dotychczasowy tryb."
"Ergonode Identity","Identyfikacja w Ergonode"
"Ergonode SKU","SKU Ergonode"
"Ergonode SKU for first publication","SKU Ergonode przy pierwszej publikacji"
"Current saved value of the configured Magento identity attribute. Publication requires a non-empty, unique value of at most 64 bytes.","Aktualnie zapisana wartość skonfigurowanego atrybutu tożsamości Magento. Publikacja wymaga niepustej, unikalnej wartości o długości do 64 bajtów."
"Assigned SKU readiness","Gotowość nadawanego SKU"
"For new products, mapped uses the selected Magento attribute as the native Ergonode SKU. Assigned lets Ergonode generate its native SKU and publishes Magento SKU as a separate unique Global Text attribute. Existing bindings keep their original mode and SKU.","Dla nowych produktów tryb mapowany używa wybranego atrybutu Magento jako natywnego SKU Ergonode. W trybie nadawanym Ergonode generuje natywne SKU, a SKU Magento jest publikowane jako osobny unikalny atrybut Global Text. Istniejące powiązania zachowują swój tryb i SKU."
"Choose a unique, global text product attribute with EAV or static storage. Each product needs a non-empty value of at most 64 bytes before its first publication.","Wybierz unikalny, globalny atrybut tekstowy produktu przechowywany w EAV lub static. Każdy produkt przed pierwszą publikacją wymaga niepustej wartości o długości do 64 bajtów."
"Configure Magento sku to exactly one unique Global Text Ergonode attribute in Ergonode > Products > Attributes.","Skonfiguruj mapowanie Magento sku do dokładnie jednego unikalnego atrybutu Global Text w Ergonode > Produkty > Atrybuty."
"Local mapping complete. Ergonode settings, template placement and product value are checked during publication.","Lokalne mapowanie jest kompletne. Ustawienia Ergonode, umieszczenie w szablonie i wartość produktu są sprawdzane podczas publikacji."
"Incomplete: %1","Niekompletne: %1"
"Actions","Akcje"
"Ergonode Products","Produkty Ergonode"
"View Products","Przeglądanie produktów"
"Choose at least one product.","Wybierz przynajmniej jeden produkt."
"Invalid product identifiers.","Nieprawidłowe identyfikatory produktów."
"Invalid product selection.","Nieprawidłowy wybór produktów."
"Unable to load the product list. Check the application log.","Nie udało się wczytać listy produktów. Sprawdź log aplikacji."
"Unable to prepare the product selection. Check the application log.","Nie udało się przygotować listy wybranych produktów. Sprawdź log aplikacji."
"Selected: 0","Zaznaczono: 0"
"All products","Wszystkie produkty"
"Search products","Szukaj produktu"
"Apply filters","Zastosuj filtry"
"Clear filters","Wyczyść filtry"
"Per page","Na stronie"
"Page","Strona"
"of 1","z 1"
"Go to page","Przejdź do strony"
"Magento products. Click a heading to sort. Enter filters below the headings and press Enter or Apply filters.","Produkty Magento. Kliknij nagłówek, aby sortować. Wpisz filtry pod nagłówkami i naciśnij Enter lub Zastosuj filtry."
"Select page","Zaznacz stronę"
"Select all results","Zaznacz wszystkie wyniki"
"Clear selection","Odznacz zaznaczone"
"Thumbnail","Miniatura"
"Name","Nazwa"
"Attribute set","Zestaw atrybutów"
"Product type","Typ produktu"
"All attribute sets","Wszystkie zestawy"
"All product types","Wszystkie typy"
"Press Enter to filter","Enter, aby filtrować"
"Operations run in batches of up to 50 products. Keep this tab open. Pause and stop finish the current batch.","Operacje działają w paczkach do 50 produktów. Pozostaw kartę otwartą. Pauza i zatrzymanie kończą bieżącą paczkę."
"Product workspace","Centrum produktów"
"Search by SKU, name or ID…","Szukaj po SKU, nazwie lub ID…"
"Product pagination","Paginacja produktów"
"First page","Pierwsza strona"
"Previous","Poprzednia"
"Page number","Numer strony"
"Next","Następna"
"Last page","Ostatnia strona"
"Product list","Lista produktów"
"Select products on this page","Zaznacz produkty na tej stronie"
"Selection options","Opcje zaznaczania"
"Product ID","ID produktu"
"Filter: Product ID","Filtr: ID produktu"
"Filter: Name","Filtr: Nazwa"
"Filter: SKU","Filtr: SKU"
"Filter: Ergonode SKU","Filtr: Ergonode SKU"
"Filter: Attribute set","Filtr: Zestaw atrybutów"
"Filter: Product type","Filtr: Typ produktu"
"Open configuration","Otwórz konfigurację"
"Unable to receive a response. Check your connection and admin session.","Nie udało się odebrać odpowiedzi. Sprawdź połączenie i sesję administratora."
"Selected: %1","Zaznaczono: %1"
"(all results)","(wszystkie wyniki)"
"Select %1","Zaznacz %1"
"No products match your filters.","Brak produktów spełniających kryteria."
"%1–%2 of %3 products","%1–%2 z %3 produktów"
"0 products","0 produktów"
"of %1","z %1"
"Active filters: %1","Aktywne filtry: %1"
"Loading products…","Wczytuję produkty…"
"Preparing the product list…","Przygotowuję listę produktów…"
"Product ID %1","ID produktu %1"
"This product has no Ergonode SKU mapping.","Produkt nie ma mapowania Ergonode SKU."
"View product %1 (new tab)","Zobacz produkt %1 (nowa karta)"
"View product","Zobacz produkt"
"View","Zobacz"
"Product actions %1","Akcje produktu %1"
"Product options %1","Opcje produktu %1"
"Processing","Przetwarzanie"
"Completed","Zakończono"
"Failed","Niepowodzenie"
"Needs attention","Wymaga uwagi"
"Unconfirmed result","Wynik niepotwierdzony"
"Previous batch results","Wyniki wcześniejszych paczek"
"The operation completed successfully.","Operacja zakończyła się poprawnie."
"Waiting for the current batch result.","Oczekiwanie na wynik bieżącej paczki."
"The operation result has not been confirmed.","Brak potwierdzenia zakończenia operacji."
"Batch %1 of %2 (%3 products)","Paczka %1 z %2 (%3 produktów)"
"The operation returned an invalid response.","Brak poprawnej odpowiedzi z operacji."
"The response does not include a result for every product in the current batch.","Odpowiedź nie zawiera wyniku każdego produktu z bieżącej paczki."
"Connection lost.","Utracono połączenie."
"Process stopped. The current batch may have partially completed — check the products before sending again.","Proces zatrzymany. Wynik bieżącej paczki może być częściowy — sprawdź produkty przed ponowną wysyłką."
"Login cancelled. The next batch was not sent.","Anulowano logowanie. Kolejna paczka nie została wysłana."
"List","Lista"
