"Brak kategorii w źródłowym drzewie","Categories missing from the source tree"
"Drzewo: %1","Tree: %1"
"Nie udało się sprawdzić źródła","Unable to check the source"
"Nie znaleziono drzewa w Ergonode","Tree not found in Ergonode"
"Poniższe kategorie i ich mapowania zachowano w Magento. Brak w drzewie nie oznacza usunięcia kategorii z całego Ergonode. Usunięcie z Magento wymaga ręcznej decyzji.","The following categories and their mappings have been preserved in Magento. Absence from this tree does not mean the categories were deleted from Ergonode. Deletion from Magento requires a manual decision."
"Sprawdź ponownie","Check again"
"Synchronizacja tego powiązania jest zablokowana. Kategorie i mapowania Magento zachowano.","Synchronization of this binding is blocked. Magento categories and mappings have been preserved."
"Wyłącz powiązanie","Disable binding"
"Wyłączyć to powiązanie? Kategorie i mapowania Magento zostaną zachowane. Niezapisane zmiany na ekranie zostaną odrzucone.","Disable this binding? Magento categories and mappings will be preserved. Unsaved changes on this screen will be discarded."
"Źródło wymaga ponownego pobrania","Source needs to be refreshed"
"Ostatnie poprawne pobranie (UTC): %1","Last successful refresh (UTC): %1"
"Ostatnie sprawdzenie (UTC): %1","Last check (UTC): %1"
"Zachowane kategorie (%1)","Preserved categories (%1)"
