"Remove from list","Usuń z listy"
"Unable to reconcile categories.","Nie udało się uzgodnić kategorii."
"Child category auto-mapping has finished.","Zakończono automatyczne mapowanie podkategorii."
"Mapped children","Zmapowane podkategorie"
"Unmatched children","Niedopasowane podkategorie"
"Auto-map Category Tree Mapping","Automatycznie mapuj drzewo kategorii"
"Unable to auto-map categories.","Nie udało się automatycznie zmapować kategorii."
"Auto Connect","Automatycznie połącz"
"Remove","Usuń"
"Remove ""%1"" from this list? The Magento category will not be deleted.","Usunąć „%1” z tej listy? Kategoria Magento nie zostanie usunięta."
"Save mapping changes before removing this category.","Zapisz zmiany mapowania przed usunięciem tej kategorii."
"Unable to remove the category from this list.","Nie udało się usunąć kategorii z tej listy."
"Category has been removed from this list.","Kategoria została usunięta z tej listy."
"Connected","Połączone"
"Show connected categories","Pokaż połączone kategorie"
"Hide connected categories","Ukryj połączone kategorie"
"No categories. All categories are already mapped.","Brak kategorii. Wszystkie kategorie są już zmapowane."
"Category data has been refreshed.","Dane kategorii zostały odświeżone."
"Refresh","Odśwież"
"Sync","Synchronizuj"
"Tree options: %1","Opcje drzewa: %1"
"Edit mapping","Edytuj mapowanie"
"Edit mapping %1","Edytuj mapowanie %1"
"Synchronization is turned off","Synchronizacja jest wyłączona"
"Category is excluded from mapping","Kategoria jest wykluczona z mapowania"
"This category will not be used in mapping. Include it in its options to make it available again.","Ta kategoria nie będzie używana w mapowaniu. Uwzględnij ją ponownie w jej opcjach, aby znów była dostępna."
"Names","Nazwy"
"Tree","Drzewo"
"Update","Aktualizuj"
"Sync (force)","Synchronizuj (wymuś)"
"Keep","Zachowaj"
"Field","Pole"
"New Mapping","Nowe mapowanie"
"Edit Mapping","Edytuj mapowanie"
"Manage synchronization for this connection. The tree and Magento root are fixed.","Zarządzaj synchronizacją tego połączenia. Drzewo i korzeń Magento są stałe."
"Connect an Ergonode tree to a Magento root. This connection cannot be changed after saving.","Połącz drzewo Ergonode z korzeniem Magento. Tego połączenia nie można zmienić po zapisaniu."
"Start each tree download with this many categories (100–1000; default 700). The next full page grows by 100 below 2 seconds, stays unchanged at 2–4 seconds, and shrinks by 100 above 4 seconds.","Każde pobieranie drzewa zaczyna się od tej liczby kategorii (100–1000; domyślnie 700). Kolejna pełna strona rośnie o 100 przy czasie poniżej 2 sekund, pozostaje bez zmian przy 2–4 sekundach i maleje o 100 powyżej 4 sekund."
"Connecting categories…","Łączenie kategorii…"
"Limit/req","Limit/req"
"Limit/req must be an integer from 100 to 1000.","Limit/req musi być liczbą całkowitą od 100 do 1000."
"Category data","Dane kategorii"
"Trees","Drzewa"
"Saving category mappings…","Zapisywanie mapowań kategorii…"
"Source status","Stan źródła"
