"Synchronize category trees with Magento","Synchronizuj drzewa kategorii z Magento"
"Reset the categoryTreeStream cursor and synchronize category trees from the beginning?","Zresetować kursor categoryTreeStream i zsynchronizować drzewa kategorii od początku?"
"Unsupported category tree synchronization action.","Nieobsługiwana akcja synchronizacji drzew kategorii."
"Category Code","Kod kategorii"
"The code is shown only for a category correctly mapped with Ergonode.","Kod jest widoczny tylko dla kategorii prawidłowo zmapowanej z Ergonode."
"Reset cursor","Resetuj kursor"
"You have unsaved changes. Synchronize and discard them?","Masz niezapisane zmiany. Synchronizować i je odrzucić?"
"Category tree synchronization has finished.","Synchronizacja drzew kategorii zakończona."
"Category trees are up to date. There are no new changes to download.","Drzewa kategorii są aktualne. Nie ma nowych zmian do pobrania."
"Category tree synchronization has finished with %1 conflict(s).","Synchronizacja drzew kategorii zakończona z konfliktami: %1."
"Unable to synchronize Ergonode category trees.","Nie udało się zsynchronizować drzew kategorii Ergonode."
"Category refreshed from Ergonode.","Odświeżono kategorię z Ergonode."
"Unable to refresh the category from Ergonode.","Nie udało się odświeżyć kategorii z Ergonode."
"Kursor zmian","Kursor zmian"
"Informacja o kursorze zmian","Informacja o kursorze zmian"
"Globalna pozycja ostatnio pobranej zmiany z Ergonode.","Globalna pozycja ostatnio pobranej zmiany z Ergonode."
"Ostatnia pobrana zmiana","Ostatnia pobrana zmiana"
"Informacja o ostatniej zmianie","Informacja o ostatniej zmianie"
"Data pobrania ostatniej zmiany z Ergonode.","Data pobrania ostatniej zmiany z Ergonode."
"Categories from this tree will not be synchronized with Magento. Turn on this connection in its options to start synchronization.","Kategorie z tego drzewa nie będą synchronizowane z Magento. Włącz to połączenie w jego opcjach, aby rozpocząć synchronizację."
"Map from an Ergonode attribute","Mapuj z atrybutu Ergonode"
"Managed by Magento — use a default when creating","Zarządzane przez Magento — użyj wartości domyślnej podczas tworzenia"
"Managed by Magento — use the Ergonode name only when creating","Zarządzane przez Magento — użyj nazwy z Ergonode tylko podczas tworzenia"
"Mapping makes Name available and required on the category attribute mapping screen, and updates existing categories from the mapped Ergonode attribute. Magento mode uses the Ergonode category name only when creating a category and never overwrites it later.","Mapowanie udostępnia Nazwę jako wymagane pole na ekranie mapowania atrybutów kategorii i aktualizuje istniejące kategorie ze zmapowanego atrybutu Ergonode. Tryb Magento używa nazwy kategorii z Ergonode tylko podczas tworzenia i nigdy nie nadpisuje jej później."
"Mapping requires an Ergonode attribute and updates existing categories. Magento mode uses the default only when creating a category and never overwrites it later.","Mapowanie wymaga atrybutu Ergonode i aktualizuje istniejące kategorie. Tryb Magento używa wartości domyślnej tylko podczas tworzenia kategorii i nigdy nie nadpisuje jej później."
"Used only when synchronization creates a Magento category. It does not update existing categories.","Używane tylko wtedy, gdy synchronizacja tworzy kategorię Magento. Nie aktualizuje istniejących kategorii."
"Updates","Aktualizacje"
"Refresh options","Opcje aktualizacji"
"Cursor reset","Reset kursora"
"Apply changes to all active trees and their categories","Aktualizuj wszystkie aktywne drzewa i ich kategorie"
"Enabled","Włączone"
"Automatic updates","Automatycznie"
"Tree schedule","Harmonogram drzewa"
"Names schedule","Harmonogram nazw"
"Changes applied.","Aktualizacja zakończona."
"Everything is up to date.","Wszystko jest aktualne."
"Could not update categories.","Nie udało się zaktualizować kategorii."
"Completed with %1 conflict(s).","Aktualizacja zakończona. Konflikty: %1."
"Cursor reset. The next Sync will start from the beginning.","Kursor zresetowany. Następna synchronizacja rozpocznie się od początku."
"Could not reset the synchronization cursor.","Nie udało się zresetować kursora synchronizacji."
"Run Sync (force) for the selected data on all active trees?","Uruchomić „Synchronizuj (wymuś)” dla wybranych danych we wszystkich aktywnych drzewach?"
"Reset the cursor for the selected data? The next Sync will start from the beginning. This applies to all active trees.","Zresetować kursor wybranych danych? Następna synchronizacja rozpocznie się od początku. Dotyczy to wszystkich aktywnych drzew."
"Use Sync (force) in Categories to apply this mapping.","Aby zastosować mapowanie do wszystkich istniejących kategorii, wybierz „Synchronizuj (wymuś)” w menu synchronizacji kategorii."
"Use Sync (force) in Categories to apply changed settings to existing categories.","Aby zastosować zmienione ustawienia do istniejących kategorii, wybierz „Synchronizuj (wymuś)” w menu synchronizacji kategorii."
"After enabling or changing mappings, use Sync (force) to update existing categories.","Po włączeniu lub zmianie mapowań wybierz „Synchronizuj (wymuś)”, aby zaktualizować istniejące kategorie."
"Use the Ergonode category name for existing categories. New categories always receive an initial name. After changing this setting, use Sync (force).","Aktualizuj istniejące kategorie nazwą z Ergonode. Nowe kategorie zawsze otrzymują nazwę początkową. Po zmianie ustawienia wybierz „Synchronizuj (wymuś)”."
"Five-part cron expression, for example */20 * * * *.","Pięć pól harmonogramu cron, np. */20 * * * *."
"Settings","Ustawienia"
"Changes may have been skipped while this mapping was inactive. After saving, use ""Sync (force)"" in the Sync menu to include earlier changes. This reprocesses all active mappings in the selected synchronization scope.","Podczas wyłączenia mapowania część zmian mogła zostać pominięta. Po zapisaniu wybierz „Synchronizuj (wymuś)” w menu synchronizacji, aby uwzględnić wcześniejsze zmiany. Operacja ponownie przetworzy wszystkie aktywne mapowania w wybranym zakresie synchronizacji."
"You have unsaved changes. Discard them and continue?","Masz niezapisane zmiany. Odrzucić je i kontynuować?"
"Initial categories per request","Początkowa liczba kategorii na zapytanie"
"Category synchronization","Synchronizacja kategorii"
"Category synchronization progress","Postęp synchronizacji kategorii"
"All active tree mappings","Wszystkie aktywne mapowania drzew"
"Synchronizing category trees…","Trwa synchronizacja drzew kategorii…"
"Synchronizing category data…","Trwa synchronizacja danych kategorii…"
"Synchronizing categories…","Trwa synchronizacja kategorii…"
"Elapsed time: %1","Czas trwania: %1"
"The synchronization result could not be confirmed. It may still be running. Check Synchronizations before retrying.","Nie udało się potwierdzić wyniku synchronizacji. Operacja może nadal trwać. Przed ponowieniem sprawdź ekran Synchronizacje."
"Initial categories per request must be an integer from 100 to 1000.","Początkowa liczba kategorii na zapytanie musi być liczbą całkowitą od 100 do 1000."
"Pause","Wstrzymaj"
"Resume","Wznów"
"Pause requested. Finishing the current operation…","Żądanie wstrzymania przyjęte. Kończę bieżącą operację…"
"Starting synchronization…","Uruchamianie synchronizacji…"
"Checking category tree changes in Ergonode…","Sprawdzanie zmian drzewa kategorii w Ergonode…"
"Fetching the category tree from Ergonode…","Pobieranie drzewa kategorii z Ergonode…"
"Comparing Ergonode and Magento categories…","Porównywanie kategorii Ergonode i Magento…"
"Reconciling Magento categories…","Uzgadnianie kategorii w Magento…"
"Creating a Magento category…","Tworzenie kategorii w Magento…"
"Updating category order and product indexes…","Aktualizowanie kolejności kategorii i indeksów produktów…"
"Removing missing categories…","Usuwanie brakujących kategorii…"
"Saving category tree synchronization progress…","Zapisywanie postępu synchronizacji drzewa…"
"Checking category data settings…","Sprawdzanie ustawień danych kategorii…"
"Category data is unchanged: no updates are configured.","Dane kategorii pozostają bez zmian: nie skonfigurowano aktualizacji."
"Checking category data changes in Ergonode…","Sprawdzanie zmian danych kategorii w Ergonode…"
"Fetching category data from Ergonode…","Pobieranie danych kategorii z Ergonode…"
"Updating category data in Magento…","Aktualizowanie danych kategorii w Magento…"
"Saving category data synchronization progress…","Zapisywanie postępu synchronizacji danych kategorii…"
"Processed: %1 of %2","Przetworzono: %1 z %2"
"Validating synchronization settings…","Sprawdzanie ustawień synchronizacji…"
"Tree %1 of %2: %3","Drzewo %1 z %2: %3"
"Downloaded: %1 categories · %2 pages","Pobrano: %1 kategorii · %2 strony"
"Conflicts: %1","Konflikty: %1"
"Created: %1 · Moved: %2 · Deleted: %3 · Unmatched: %4","Utworzono: %1 · Przeniesiono: %2 · Usunięto: %3 · Niepołączone: %4"
"Showing %1 of %2 conflicts. Full details are available in synchronization history.","Wyświetlono %1 z %2 konfliktów. Pełne szczegóły są dostępne w historii synchronizacji."
"Category data: fetched %1 · Updated values: %2","Dane kategorii: pobrano %1 · Zaktualizowane wartości: %2"
"Synchronize names","Synchronizuj nazwy"
"Enable category data updates. After enabling or changing mappings, use Sync (force) to update existing categories.","Włącza aktualizację danych kategorii. Po włączeniu lub zmianie mapowań użyj Synchronizuj (wymuś), aby zaktualizować istniejące kategorie."
"Keep: do not copy the Ergonode category name to existing categories. Update: copy it to the Magento name. New categories always receive an initial name. A separate attribute-to-name mapping can still update the name in Keep mode.","Zachowaj: nie kopiuj nazwy kategorii Ergonode do istniejących kategorii. Aktualizuj: kopiuj ją do nazwy Magento. Nowe kategorie zawsze otrzymują nazwę początkową. Osobne mapowanie atrybutu do nazwy może aktualizować nazwę także w trybie Zachowaj."
"Examples shown: %1","Pokazano przykłady: %1"
"About %1 min remaining","Pozostało około %1 min"
"About %1 sec remaining","Pozostało około %1 s"
"All mapped categories","Wszystkie zmapowane kategorie"
"Category data: no updates were configured.","Dane kategorii: nie skonfigurowano aktualizacji."
"Close","Zamknij"
"Completed","Zakończono"
"Could not request a pause. Please try again.","Nie udało się zgłosić pauzy. Spróbuj ponownie."
"Current category: %1","Bieżąca kategoria: %1"
"Download","Pobieranie"
"Estimate for this stage","Szacunek dla bieżącego etapu"
"Estimate paused","Szacowanie wstrzymane"
"Estimating remaining time…","Szacowanie pozostałego czasu…"
"Finishing this stage…","Kończenie bieżącego etapu…"
"In progress","W toku"
"Incomplete","Nieukończone"
"Last progress update: %1 sec ago","Ostatnia zmiana postępu: %1 s temu"
"Last progress update: just now","Ostatnia zmiana postępu: przed chwilą"
"Mapping outside Magento root","Mapowanie poza kategorią główną Magento"
"No conflicts.","Brak konfliktów."
"Other conflicts","Pozostałe konflikty"
"Paused","Wstrzymano"
"Recent speed: %1 categories / sec","Bieżące tempo: %1 kategorii/s"
"Reconcile categories","Uzgadnianie kategorii"
"Result pending","Oczekiwanie na wynik"
"Result unavailable","Wynik niedostępny"
"Resume to continue this stage","Wznów, aby kontynuować ten etap"
"Synchronization stages","Etapy synchronizacji"
"Tree results","Wyniki drzew"
"URL key already in use","Klucz URL jest już używany"
"Waiting for a safe pause…","Oczekiwanie na bezpieczne wstrzymanie…"
"Waiting for progress…","Oczekiwanie na zmianę postępu…"
"Waiting for the stage total…","Oczekiwanie na liczbę elementów etapu…"
"Waiting for the tree result.","Oczekiwanie na wynik drzewa."
"Added to Magento","Dodane do Magento"
"Moved in Magento","Przeniesione w Magento"
"Removed from Magento","Usunięte z Magento"
"Saving synchronization progress…","Zapisywanie postępu synchronizacji…"
