"Product Attribute Mapping History","Historia mapowania atrybutów produktów"
"Connected","Połączono"
"Unmapped","Odmapowano"
"Remapped","Przemapowano"
"Included","Uwzględniono"
"Excluded","Wykluczono"
"Created","Utworzono"
"Deleted","Usunięto"
"Renamed","Zmieniono nazwę"
"Type changed","Zmieniono typ"
"Scope changed","Zmieniono zakres"
"History could not be loaded.","Nie udało się wczytać historii."
"Search %1 attributes","Szukaj atrybutów %1"
"Search attributes...","Szukaj atrybutów..."
"Operations","Operacje"
"Choose an operation","Wybierz operację"
"Operation details","Szczegóły operacji"
"Close","Zamknij"
"No recorded state yet.","Nie zapisano jeszcze żadnego stanu."
"No matching attributes.","Brak pasujących atrybutów."
"All attributes are mapped and included.","Wszystkie atrybuty są zmapowane i uwzględnione."
"No attributes in this state.","Brak atrybutów w tym stanie."
"Loading historical state...","Wczytywanie stanu historycznego..."
"Not present","Nie istnieje"
"Label","Nazwa"
"Code","Kod"
"Type","Typ"
"Scope","Zakres"
"Mapping","Mapowanie"
"Visibility","Widoczność"
"The operation did not change attribute mappings or metadata.","Operacja nie zmieniła mapowania ani metadanych atrybutów."
"Selected change","Wybrana zmiana"
"Before","Przed"
"After","Po"
"Show attribute","Pokaż atrybut"
"Operation not found. Select another operation.","Nie znaleziono operacji. Wybierz inną operację."
"Operation not found.","Nie znaleziono operacji."
"An operation is required.","Wymagana jest operacja."

"Options of %1","Opcje atrybutu %1"
"History view","Widok historii"
"This operation does not contain option history.","Ta operacja nie zawiera historii opcji."
"No matching options.","Brak pasujących opcji."
"No options in this state.","Brak opcji w tym stanie."
"Search %1 options","Szukaj opcji %1"
"Search options...","Szukaj opcji..."
"Show option","Pokaż opcję"
"The operation did not change attribute or option mappings or metadata.","Operacja nie zmieniła mapowań ani metadanych atrybutów lub opcji."
"Attributes","Atrybuty"
"Options","Opcje"
"All options are mapped and included.","Wszystkie opcje są zmapowane i uwzględnione."
"Search %1 attributes and options","Szukaj atrybutów i opcji %1"
"Search attributes and options...","Szukaj atrybutów i opcji..."
"No matching attributes or options.","Brak pasujących atrybutów lub opcji."
"All attributes and options are mapped and included.","Wszystkie atrybuty i opcje są zmapowane i uwzględnione."

"Invalid side.","Nieprawidłowa strona."
"Unchanged options of %1","Niezmienione opcje atrybutu %1"
"Changed options of %1","Zmienione opcje atrybutu %1"
"Options could not be loaded. Try again.","Nie udało się wczytać opcji. Spróbuj ponownie."
"Loading options...","Wczytywanie opcji..."
"%1 attributes and options","Atrybuty i opcje %1"
"Only changes","Tylko zmiany"
"No changes to show.","Brak zmian do pokazania."
"Changes made by the selected operation.","Zmiany wprowadzone przez wybraną operację."
"Attribute and option history","Historia atrybutów i opcji"
"Attribute history","Historia atrybutów"
"Tree history","Historia drzewa"
"Record changes","Zapisuj zmiany"
"Automatic cleanup","Automatyczne czyszczenie"
"Keep for (days)","Przechowuj przez (dni)"
"Schedule","Harmonogram"
"Disabling recording preserves existing history. Changes made while disabled are not backfilled.","Wyłączenie zapisu zachowuje istniejącą historię. Zmiany z okresu wyłączenia nie są uzupełniane wstecz."
"Permanently remove expired history, including existing records. Cleanup also runs when recording is disabled.","Trwale usuwa przeterminowaną historię, także istniejące wpisy. Czyszczenie działa również przy wyłączonym zapisie."
"Keep history for this many days after an operation finishes. Enter a positive whole number; default: 30.","Przechowuj historię przez podaną liczbę dni od zakończenia operacji. Wpisz dodatnią liczbę całkowitą; domyślnie: 30."
"History retention must be a positive whole number of days.","Okres przechowywania historii musi być dodatnią liczbą całkowitą dni."
"Five-part cron expression in the Magento configuration timezone. Default: 0 2 * * *.","Pięcioczęściowe wyrażenie cron w strefie czasowej konfiguracji Magento. Domyślnie: 0 2 * * *."
