"Category Attributes","Atrybuty kategorii"
"Synchronization","Synchronizacja"
"Synchronize","Synchronizuj"
"Updates only complete attribute mappings for categories belonging to active Category Trees.","Aktualizuje tylko kompletne mapowania atrybutów dla kategorii należących do aktywnych drzew kategorii."
"Name","Nazwa"
"Include in Navigation Menu","Uwzględnij w menu nawigacyjnym"
"Default Include in Navigation Menu","Domyślnie uwzględnij w menu nawigacyjnym"
"Is Active","Aktywna"
"Default Is Active","Domyślnie aktywna"
"Cron","Cron"
"Status","Status"
"Schedule","Harmonogram"
"Five-part cron expression in the Magento configuration timezone, for example */20 * * * *.","Pięcioczęściowe wyrażenie cron w strefie czasowej konfiguracji Magento, na przykład */20 * * * *."
"Names","Nazwy"
"Attributes","Atrybuty"
"Update","Aktualizuj"
"Download again","Pobierz od nowa"
"In a field","Zapisz w polu"
"Choose a field","Wybierz pole"
"Field","Pole"
"Attributes schedule","Harmonogram atrybutów"
"Use Download again in Categories to apply this mapping.","Aby zastosować mapowanie do wszystkich istniejących kategorii, wybierz „Pobierz od nowa” w menu aktualizacji kategorii."
"The Ergonode category name is saved in this text field. Its ordinary attribute mapping is suspended while this option is selected.","Nazwa kategorii Ergonode będzie zapisywana w tym polu tekstowym. W tym trybie zwykłe mapowanie tego pola jest wstrzymane."
"Name mapping","Mapowanie nazwy"
"From an attribute","Z atrybutu"
"Off","Wyłączone"
"Allows an Ergonode attribute to supply the Magento name. Direct name updates configured in Categories take priority.","Pozwala pobierać nazwę Magento ze zwykłego atrybutu Ergonode. Bezpośrednia aktualizacja nazwy ustawiona w sekcji Kategorie ma pierwszeństwo."
"Synchronize names and attributes","Synchronizuj nazwy i atrybuty"
"Destination field","Pole docelowe"
"Used only for Name > In a field. Copies the Ergonode category name into this Magento text field. Ordinary attribute mapping for the selected destination is suspended.","Używane tylko przy Nazwa > W polu. Kopiuje nazwę kategorii Ergonode do tego pola tekstowego Magento. Zwykłe mapowanie atrybutu dla wybranego pola docelowego zostaje zawieszone."
"Allow a separate Ergonode attribute, for example web_name, to supply the Magento name. Map that attribute to name in the attribute mapping screen. Name > Update in Settings takes priority. Off disables only this attribute-to-name mapping.","Pozwala użyć osobnego atrybutu Ergonode, np. web_name, jako nazwy Magento. Połącz ten atrybut z name na ekranie mapowania atrybutów. Nazwa > Aktualizuj w Ustawieniach ma pierwszeństwo. Wyłączone wyłącza tylko to mapowanie atrybutu do nazwy."
"Save or discard your changes before refreshing the category.","Zapisz lub odrzuć zmiany przed odświeżeniem kategorii."
