"Category Tree and Ergonode category are required.","Drzewo kategorii i kategoria Ergonode są wymagane."
"Ergonode category ""%1"" is not available.","Kategoria Ergonode „%1” nie jest dostępna."
"Ergonode category ""%1"" has no usable label.","Kategoria Ergonode „%1” nie ma użytecznej etykiety."
"Map or create parent category ""%1"" before creating ""%2"" in Magento.","Zmapuj albo utwórz kategorię nadrzędną „%1” przed utworzeniem „%2” w Magento."
"Ergonode category ""%1"" is not mapped to Magento.","Kategoria Ergonode „%1” nie jest zmapowana z Magento."
"The configured Magento root category cannot be deleted here.","Nie można tutaj usunąć skonfigurowanej kategorii głównej Magento."
"Mapped Magento category #%1 is not available in this tree.","Zmapowana kategoria Magento #%1 nie jest dostępna w tym drzewie."
"Category Tree and snapshot category are required.","Drzewo kategorii i kategoria ze snapshotu są wymagane."
"Category ""%1"" is not available in the local snapshot.","Kategoria „%1” nie jest dostępna w lokalnym snapshocie."
"Category is required.","Kategoria jest wymagana."
"The category is not mapped with Ergonode.","Kategoria nie jest zmapowana z Ergonode."
"Mapped Ergonode category ""%1"" no longer exists.","Zmapowana kategoria Ergonode „%1” już nie istnieje."
"Ergonode returned an unexpected category code ""%1"".","Ergonode zwróciło nieoczekiwany kod kategorii „%1”."
"Category trees","Drzewa kategorii"
"Consumes category-tree changes and reconciles active Ergonode trees with Magento roots.","Przetwarza zmiany drzew kategorii i uzgadnia aktywne drzewa Ergonode z kategoriami głównymi Magento."
"Names","Nazwy"
"Tree","Drzewo"
"Attributes","Atrybuty"
"Updates","Aktualizacje"
"Update","Aktualizuj"
"Keep","Zachowaj"
"Field","Pole"
"Enabled","Włączone"
"Choose an update action.","Wybierz sposób aktualizacji."
"Choose a text field for the category name.","Wybierz pole tekstowe dla nazwy kategorii."
"The mapped category no longer exists.","Zmapowana kategoria już nie istnieje."
"Enable at least one category tree mapping before synchronizing.","Włącz co najmniej jedno mapowanie drzewa kategorii przed synchronizacją."
"Could not request a pause. Please try again.","Nie udało się zażądać wstrzymania. Spróbuj ponownie."
"Synchronization paused. Completed changes are kept.","Synchronizacja wstrzymana. Wykonane zmiany zostały zachowane."
"Could not store synchronization progress.","Nie udało się zapisać postępu synchronizacji."
"Invalid synchronization identifier.","Nieprawidłowy identyfikator synchronizacji."
"Synchronization progress expired. Check the saved changes before restarting.","Stan synchronizacji wygasł. Sprawdź zapisane zmiany przed ponownym uruchomieniem."
"Synchronization progress expired. Start a new synchronization.","Stan synchronizacji wygasł. Uruchom nową synchronizację."
"Synchronization was interrupted. Check the saved changes before restarting.","Synchronizacja została przerwana. Sprawdź zapisane zmiany przed ponownym uruchomieniem."
"The synchronization scope cannot change when resuming.","Nie można zmienić zakresu podczas wznawiania synchronizacji."
"This synchronization cannot be started again.","Nie można ponownie uruchomić tej synchronizacji."
"No new changes in Ergonode.","Brak nowych zmian w Ergonode."
