"Map from an Ergonode attribute","Mapuj z atrybutu Ergonode"
"Let Magento handle it","Pozwól Magento obsłużyć to automatycznie"
"Managed by Magento — use a default when creating","Zarządzane przez Magento — użyj wartości domyślnej podczas tworzenia"
"Map an Ergonode Text attribute or let Magento generate URL Key from the product name. Magento normalizes mapped values and updates URL rewrites.","Mapuj atrybut tekstowy z Ergonode albo pozwól Magento wygenerować klucz URL z nazwy produktu. Magento normalizuje mapowane wartości i aktualizuje przekierowania URL."
"Map Price from Ergonode or keep it managed by Magento. Magento-managed Price is not mapped or published to Ergonode; the default is used only when synchronization creates a Magento product.","Mapuj cenę z Ergonode albo pozostaw ją pod kontrolą Magento. Cena zarządzana przez Magento nie jest mapowana ani publikowana do Ergonode; wartość domyślna jest używana tylko podczas tworzenia produktu Magento przez synchronizację."
"Map Status from Ergonode or keep it managed by Magento. Magento-managed Status is not mapped or published to Ergonode; the default is used only when synchronization creates a Magento product.","Mapuj status z Ergonode albo pozostaw go pod kontrolą Magento. Status zarządzany przez Magento nie jest mapowany ani publikowany do Ergonode; wartość domyślna jest używana tylko podczas tworzenia produktu Magento przez synchronizację."
"Map Visibility from Ergonode or keep it managed by Magento. Magento-managed Visibility is not mapped or published to Ergonode; the default is used only when synchronization creates a Magento product.","Mapuj widoczność z Ergonode albo pozostaw ją pod kontrolą Magento. Widoczność zarządzana przez Magento nie jest mapowana ani publikowana do Ergonode; wartość domyślna jest używana tylko podczas tworzenia produktu Magento przez synchronizację."
"The default Magento value is assigned only when synchronization creates a product. It is never used to update an existing product.","Domyślna wartość Magento jest przypisywana tylko podczas tworzenia produktu przez synchronizację. Nie jest nigdy używana do aktualizacji istniejącego produktu."
"Default Price","Domyślna cena"
"Required non-negative decimal value assigned when synchronization creates a Magento product.","Wymagana nieujemna wartość dziesiętna przypisywana podczas tworzenia produktu Magento przez synchronizację."
"Default Status","Domyślny status"
"Default Visibility","Domyślna widoczność"
"Value assigned when synchronization creates a Magento product.","Wartość przypisywana podczas tworzenia produktu Magento przez synchronizację."
"Default Category","Domyślna kategoria"
"Optional Magento product attribute whose category ID is synchronized as an Ergonode category code.","Opcjonalny atrybut produktu Magento, którego ID kategorii jest synchronizowane jako kod kategorii Ergonode."
"Disabled","Wyłączone"
"Map Attributes with Identical Codes","Mapuj atrybuty z identycznymi kodami"
"During attribute import from cron or CLI, create a missing Magento attribute and map it only when its code is identical to the Ergonode attribute code.","Podczas importu atrybutów z cron lub CLI utwórz brakujący atrybut Magento i zmapuj go tylko wtedy, gdy jego kod jest identyczny z kodem atrybutu Ergonode."
"%1 · Category reference","%1 · Odwołanie do kategorii"
"Attributes synchronized. Created: %1, mapped: %2, options created: %3.","Atrybuty zsynchronizowane. Utworzone: %1, zmapowane: %2, utworzone opcje: %3."
"Unable to synchronize attributes: %1","Nie udało się zsynchronizować atrybutów: %1"
"Unable to refresh Ergonode attribute data: %1","Nie udało się odświeżyć danych atrybutów Ergonode: %1"
"Option data has been refreshed from Ergonode.","Dane opcji zostały odświeżone z Ergonode."
"Unable to refresh Ergonode option data: %1","Nie udało się odświeżyć danych opcji Ergonode: %1"
"Options have been synchronized.","Opcje zostały zsynchronizowane."
"Unable to synchronize options: %1","Nie udało się zsynchronizować opcji: %1"
"Options","Opcje"
"Synchronize Option Sort Order","Synchronizuj kolejność opcji"
"Update Magento option positions to match their current order in Ergonode.","Aktualizuj pozycje opcji Magento zgodnie z ich bieżącą kolejnością w Ergonode."
"Delete Magento Options Missing in Ergonode","Usuń opcje Magento nieobecne w Ergonode"
"Delete mapped table-source Magento options that are no longer returned by Ergonode. Product values using deleted options can become empty.","Usuń mapowane opcje Magento ze źródłem tabelowym, których Ergonode już nie zwraca. Wartości produktów używające usuniętych opcji mogą stać się puste."
"Map Identical Codes","Mapuj identyczne kody"
"Synchronize Sort Order","Synchronizuj kolejność"
"Delete Missing Options","Usuń brakujące opcje"
"Reset the attributeStream cursor?","Zresetować kursor attributeStream?"
"Reset the attributeStream cursor and synchronize attributes from the beginning?","Zresetować kursor attributeStream i zsynchronizować atrybuty od początku?"
"The attributeStream cursor has been reset.","Kursor attributeStream został zresetowany."
"Unsupported attribute synchronization action.","Nieobsługiwana akcja synchronizacji atrybutów."
"Attribute ""%1"" is not available for mapping.","Atrybut ""%1"" nie jest dostępny do mapowania."
"Option ""%1"" is not available for mapping.","Opcja ""%1"" nie jest dostępna do mapowania."
"Option synchronization is already running.","Synchronizacja opcji jest już w toku."
"The module required to create this attribute is unavailable.","Moduł wymagany do utworzenia tego atrybutu jest niedostępny."
"The module required to create this option is unavailable.","Moduł wymagany do utworzenia tej opcji jest niedostępny."
"Attribute ""%1"" must be verified before mapping.","Atrybut ""%1"" musi zostać zweryfikowany przed zapisaniem mapowania."
"Option ""%1"" must be verified before mapping.","Opcja ""%1"" musi zostać zweryfikowana przed zapisaniem mapowania."
"Ergonode returned an incomplete option list.","Ergonode zwrócił niekompletną listę opcji."
"Ergonode returned an invalid or duplicate option code.","Ergonode zwrócił nieprawidłowy lub powielony kod opcji."
"Unable to store fetched Ergonode option metadata.","Nie udało się zapisać pobranych metadanych opcji Ergonode."
"Unable to fetch Ergonode options.","Nie udało się pobrać opcji Ergonode."

"Adapter: %1. Import: %2. Publication: %3.","Adapter: %1. Import: %2. Publikacja: %3."
"available","dostępny"
"unavailable — attribute skipped","niedostępny — atrybut pomijany"
