"Admin User ID","ID administratora"
"Assigned by Ergonode","Nadawane przez Ergonode"
"Attempts","Próby"
"Available At","Dostępne od"
"Back to Publication Jobs","Wróć do zadań publikacji"
"Choose at least one publication item.","Wybierz przynajmniej jedną pozycję publikacji."
"Complete","Zakończone"
"Delete Selected","Usuń zaznaczone"
"Delete Selected Items","Usuń zaznaczone pozycje"
"Deleted %1 selected completed publication item(s).","Usunięto %1 zaznaczonych, zakończonych pozycji publikacji."
"Ergonode Product Publication Jobs","Zadania publikacji produktów w Ergonode"
"Ergonode Publication Job #%1","Zadanie publikacji w Ergonode nr %1"
"Identity Mode","Tryb identyfikacji"
"Item ID","ID pozycji"
"Job #%1","Zadanie nr %1"
"Job ID","ID zadania"
"Last Error","Ostatni błąd"
"Lease Expires","Blokada wygasa"
"No Changes","Bez zmian"
"No completed publication items were deleted. Active items cannot be deleted.","Nie usunięto żadnych zakończonych pozycji publikacji. Aktywnych pozycji nie można usunąć."
"None of the selected items can be safely retried.","Żadna z zaznaczonych pozycji nie może zostać bezpiecznie ponowiona."
"Outcome","Wynik"
"Partially Complete","Częściowo zakończone"
"Permanently delete the selected completed publication items? Active items will be left unchanged.","Trwale usunąć zaznaczone, zakończone pozycje publikacji? Aktywne pozycje pozostaną bez zmian."
"Processed","Przetworzone"
"Processing","Przetwarzanie"
"Product ID","ID produktu"
"Publication Jobs","Zadania publikacji"
"Publication job #%1 has no safely recoverable products ready to retry.","Zadanie publikacji nr %1 nie zawiera produktów, dla których można bezpiecznie ponowić publikację."
"Recoverable products from publication job #%1 were scheduled for retry.","Zaplanowano bezpieczne ponowienie publikacji produktów z zadania nr %1."
"Requested SKU","Żądane SKU"
"Requires Attention","Wymaga uwagi"
"Retry Recoverable Items","Ponów bezpieczne pozycje"
"Retry Selected","Ponów zaznaczone"
"Retry Selected Items","Ponów zaznaczone pozycje"
"Retry all pending, failed, or safely recoverable attention products in this job?","Ponowić w tym zadaniu publikację wszystkich produktów oczekujących, zakończonych błędem lub wymagających uwagi, które można bezpiecznie ponowić?"
"Retry the selected failed or safely recoverable attention items?","Ponowić zaznaczone pozycje zakończone błędem lub wymagające uwagi, które można bezpiecznie ponowić?"
"Scheduled %1 selected publication item(s) for retry.","Zaplanowano ponowienie %1 zaznaczonych pozycji publikacji."
"Shared Magento SKU","Wspólne SKU Magento"
"Succeeded","Powodzenie"
"The publication job ID is missing.","Brak ID zadania publikacji."
"The publication-item selection cannot be prepared.","Nie można przygotować wybranych pozycji publikacji."
"Total","Łącznie"
"Unable to delete the selected publication items.","Nie udało się usunąć zaznaczonych pozycji publikacji."
"Unable to retry recoverable products from publication job #%1.","Nie udało się ponowić publikacji produktów z zadania nr %1, które można bezpiecznie ponowić."
"Unable to retry the selected publication items.","Nie udało się ponowić zaznaczonych pozycji publikacji."
"Send to Ergonode","Wyślij do Ergonode"
"Send","Wyślij"
"Publikacja nieudana","Publikacja nieudana"
"Unable to process the product publication request. Check the application log.","Nie udało się przetworzyć żądania publikacji produktu. Sprawdź log aplikacji."
"Opublikowano","Opublikowano"
