"Language actions: Ergonode","Akcje języków: Ergonode"
"Language actions: Magento","Akcje języków: Magento"
"Show excluded languages","Pokaż języki wykluczone z mapowania"
"Hide excluded languages","Ukryj języki wykluczone z mapowania"
"Show excluded Store Views","Pokaż Store View wykluczone z mapowania"
"Hide excluded Store Views","Ukryj Store View wykluczone z mapowania"
"Excluded","Wykluczone"
"Automatically connect languages to Store View locales","Automatycznie połącz języki z locale Store View"
"Excluding this item will remove multiple mappings and save the change immediately. Continue?","Wykluczenie tego elementu usunie kilka mapowań i od razu zapisze zmianę. Kontynuować?"
"Remove from list","Usuń z listy"
"Unlink mapping","Rozłącz mapowanie"
"Missing or invalid language mapping revision. Reload the page.","Brak poprawnej wersji mapowań języków. Odśwież stronę."
"Unable to refresh Ergonode languages. Check the Magento logs for details.","Nie udało się odświeżyć języków Ergonode. Szczegóły znajdziesz w logach Magento."
"Unable to remove the item from this list. Check the Magento logs for details.","Nie udało się usunąć elementu z listy. Szczegóły znajdziesz w logach Magento."
"Unable to save language mappings. Check the Magento logs for details.","Nie udało się zapisać mapowań języków. Szczegóły znajdziesz w logach Magento."
"Mapping inactive: language or Store View unavailable.","Mapowanie nieaktywne: język lub Store View jest niedostępny."
