"Akcja jest niedostępna.","This action is unavailable."
"Aktywacja języka odświeża widok. Zapisz bieżące zmiany, aby ich nie utracić.","Activating a language refreshes the view. Save your current changes to avoid losing them."
"Aktywne","Active"
"Aktywowanie…","Activating…"
"Aktywuj język","Activate language"
"Aktywuj język w Ergonode","Activate language in Ergonode"
"Aktywuj język w Ergonode dla Store View: %1","Activate an Ergonode language for Store View: %1"
"Aktywuj nowy język w Ergonode","Activate a new language in Ergonode"
"Anuluj","Cancel"
"Atrybut aktywny do mapowania","Attribute enabled for mapping"
"Atrybuty","Attributes"
"Auto Connect","Auto Connect"
"Automatically synchronize option mappings","Automatically synchronize option mappings"
"Auto-dopasuj","Auto-match"
"Auto-mapowanie zakończone.","Automatic mapping has finished."
"Auto-mapuj","Auto-map"
"Automatycznie dopasuj aktywne atrybuty","Automatically match enabled attributes"
"Automatycznie dopasuj aktywne opcje","Automatically match enabled options"
"Automatycznie dopasuj języki do locale Store View","Automatically match languages to Store View locales"
"Brak dopasowań","No matches"
"Brak dostępnych atrybutów Magento, które można utworzyć w Ergonode.","No Magento attributes are available to create in Ergonode."
"Brak dostępnych Magento Store View.","No Magento Store Views are available."
"Brak języków pasujących do wyszukiwania.","No languages match the search."
"Brak języków. Sprawdź połączenie z Ergonode GraphQL API.","No languages found. Check the Ergonode GraphQL API connection."
"Brak kategorii Magento.","No Magento categories."
"Brak kategorii.","No categories."
"Brak mapowań.","No mappings."
"Brak niezmapowanych attribute setów.","No unmapped attribute sets."
"Brak pasujących kategorii.","No matching categories."
"Brak pobranych atrybutów Ergonode.","No Ergonode attributes have been fetched."
"Brak pobranych języków Ergonode.","No Ergonode languages have been fetched."
"Brak przycisku zapisu mapowania.","The mapping save button is missing."
"Brak skonfigurowanych drzew kategorii.","No configured category trees."
"Brak URL akcji.","The action URL is missing."
"Braki","Missing"
"brakuje targetu","target is missing"
"brakuje źródła","source is missing"
"Czy na pewno usunąć tę konfigurację drzewa kategorii?","Are you sure you want to delete this category tree configuration?"
"DO UTWORZENIA","TO BE CREATED"
"DO ZAPISU","PENDING SAVE"
"Dodaj","Add"
"Dodaj konfigurację","Add configuration"
"Dodaj atrybut do mapowania: %1","Add attribute to mapping: %1"
"Dodaj attribute set do mapowania: %1","Add attribute set to mapping: %1"
"Dodaj język","Add language"
"Dodaj locale do aktywnego drzewa języków","Add a locale to the active language tree"
"Dodaj opcję do mapowania: %1","Add option to mapping: %1"
"Dodanie pierwszego języka odświeża widok.","Adding the first language refreshes the view."
"Dodano mapowania: %1.","Mappings added: %1."
"Dopasuj po kodzie ścieżki, a następnie po znormalizowanej nazwie","Match by path code, then by normalized name"
"Dopasowano %1","Matched %1"
"Dopasowano do Store View: ","Matched to Store View: "
"Dostępne języki","Available languages"
"Dostępne języki: ","Available languages: "
"Drzewo kategorii","Category Tree"
"Drzewo kategorii Ergonode","Ergonode Category Tree"
"Drzewo kategorii Magento","Magento Category Tree"
"Drzewo Ergonode","Ergonode Tree"
"Dziedzicz wartości z","Inherit values from"
"Element zostanie utworzony po zapisaniu","The item will be created after saving"
"Ergonode nie zwróciło żadnego kolejnego locale, które można dodać.","Ergonode did not return another locale that can be added."
"Ergonode udostępnia gotową listę locale. Wybierz język i język nadrzędny, z którego będą dziedziczone wartości.","Ergonode provides a list of available locales. Select a language and the parent language from which values will be inherited."
"Filtruj mapowania opcji po kolorze","Filter option mappings by color"
"Filtruj mapowania po kolorze","Filter mappings by color"
"Gotowy","Ready"
"Integracja Ergonode albo synchronizacja kategorii jest wyłączona.","The Ergonode integration or category synchronization is disabled."
"Istniejąca kategoria Ergonode została przypięta do drzewa i zmapowana z Magento.","The existing Ergonode category was attached to the tree and mapped to Magento."
"język","language"
"Język aktywny do mapowania","Language enabled for mapping"
"język bazowy","base language"
"Język do aktywacji","Language to activate"
"Język został aktywowany w Ergonode.","The language has been activated in Ergonode."
"Języki Ergonode","Ergonode Languages"
"język Ergonode","Ergonode language"
"Kategoria root","Root category"
"Kategoria root odpowiada drzewu Ergonode opisanemu polami tree_code i tree_name. Jej zaznaczenie steruje całą gałęzią.","The root category represents the Ergonode tree described by the tree_code and tree_name fields. Selecting it controls the entire branch."
"Kategoria główna Magento","Magento Root Category"
"kategorii","categories"
"Kod","Code"
"Kompletne mapowanie opcji","Complete option mapping"
"Konfiguracja drzewa","Tree configuration"
"Konfiguracja źródła i synchronizacji","Source and synchronization configuration"
"Konfiguracje drzew","Mapping"
"Kliknij dwukrotnie lub przeciągnij język i Store View","Double-click or drag a language and Store View"
"Ładowanie drzewa...","Loading tree..."
"Ładowanie opcji","Loading options"
"Mapowania","Mappings"
"Mapowania zostały zapisane.","Mappings have been saved."
"Mapowanie języków","Language Mapping"
"Mapowanie języków zostało zapisane.","Language mappings have been saved."
"Mapowanie kategorii","Category Mapping"
"Mapowanie oczekuje na zapis","Mapping is pending save"
"Limit zapytań Ergonode. Wznawiam odświeżanie za %1 s.","Ergonode request limit reached. Refresh will resume in %1 s."
"mapowań","mappings"
"Masz niezapisane zmiany w mapowaniu atrybutów. Aby przejść do mapowania opcji, najpierw je zapisz.","You have unsaved attribute mapping changes. Save them before opening option mapping."
"Masz niezapisane zmiany w mapowaniu opcji. Po przełączeniu pary atrybutów te zmiany zostaną utracone. Kontynuować?","You have unsaved option mapping changes. Switching the attribute pair will discard them. Continue?"
"Masz niezapisane zmiany mapowania. Zmienić drzewo bez zapisu?","You have unsaved mapping changes. Switch trees without saving?"
"Masz niezapisane zmiany. Przełączyć konfigurację bez zapisu?","You have unsaved changes. Switch configuration without saving?"
"Masz niezapisane zmiany. Synchronizować bez zapisu?","You have unsaved changes. Synchronize without saving?"
"Najpierw wybierz opcję Ergonode.","Select an Ergonode option first."
"Najpierw zapisz mapowania","Save mappings first"
"Nazwa","Name"
"Nowe mapowanie zostanie zapisane po zatwierdzeniu zmian","The new mapping will be saved when the changes are confirmed"
"Nie ma jeszcze mapowań. Wybierz element z lewej i z prawej strony.","There are no mappings yet. Select an item on the left and right."
"Nie można połączyć: opcje pochodzą z niezgodnych typów.","Cannot connect: the options belong to incompatible types."
"Nie można połączyć: typ Ergonode ""%1"" nie pasuje do typu Magento ""%2"".","Cannot connect: Ergonode type ""%1"" does not match Magento type ""%2""."
"Nie rozpoznano przeciąganego atrybutu.","The dragged attribute was not recognized."
"Nie rozpoznano przeciąganej opcji.","The dragged option was not recognized."
"Nie udało się aktywować języka w Ergonode.","Unable to activate the language in Ergonode."
"Nie udało się odświeżyć atrybutów","Unable to refresh attributes"
"Nie udało się odświeżyć języków","Unable to refresh languages"
"Nie udało się odświeżyć kategorii.","Unable to refresh categories."
"Nie udało się odświeżyć opcji","Unable to refresh options"
"Nie udało się pobrać języków z Ergonode.","Unable to retrieve languages from Ergonode."
"Nie udało się połączyć z endpointem preview.","Unable to connect to the preview endpoint."
"Nie udało się przygotować preview eksportu.","Unable to prepare the export preview."
"Nie udało się wczytać atrybutów z Ergonode.","Unable to load attributes from Ergonode."
"Nie udało się wczytać konfiguracji drzewa.","Unable to load the Category Tree configuration."
"Nie udało się wczytać języków z Ergonode.","Unable to load languages from Ergonode."
"Nie udało się wczytać opcji z Ergonode.","Unable to load options from Ergonode."
"Nie udało się zapisać drzewa kategorii.","Unable to save the Category Tree."
"Nie udało się zapisać kolejności konfiguracji.","Unable to save the configuration order."
"Nie udało się zapisać mapowania","Unable to save the mapping"
"Nie udało się zapisać mapowania języków","Unable to save language mappings"
"Nie udało się zapisać mapowania opcji","Unable to save option mappings"
"Nie udało się zapisać mapowań opcji.","Unable to save option mappings."
"Nie udało się zapisać mapowań.","Unable to save mappings."
"Nie udało się zsynchronizować kategorii.","Unable to synchronize categories."
"Nie znaleziono nowych zgodnych locale.","No new matching locales were found."
"Niedostępne w API","Unavailable in API"
"Nieprawidłowa odpowiedź serwera.","Invalid server response."
"Niezgodny typ: przeciągany atrybut ma typ ""%1"", a druga strona wymaga ""%2"".","Type mismatch: the dragged attribute is type ""%1"", while the other side requires ""%2""."
"Nowe mapowanie","New Mapping"
"Nowe mapowanie opcji","New Option Mapping"
"Nowe mapowanie zostanie utworzone po zapisaniu","The new mapping will be created after saving"
"Nowy język zostanie dodany jako bezpośredni potomek wybranego aktywnego języka.","The new language will be added as a direct child of the selected active language."
"Nowy zestaw atrybutów","New attribute set"
"Oczekuje","Pending"
"Odepnij %1","Unlink %1"
"Odepnij %1: %2","Unlink %1: %2"
"Odepnij język Ergonode","Unlink Ergonode language"
"Odepnij język Ergonode: %1","Unlink Ergonode language: %1"
"Odepnij Magento Store View","Unlink Magento Store View"
"Odepnij Magento Store View: %1","Unlink Magento Store View: %1"
"Odłącz mapowanie","Unlink mapping"
"Odśwież","Refresh"
"Odśwież języki z Ergonode","Refresh languages from Ergonode"
"Odświeżono kategorie. Odświeżam dane...","Categories refreshed. Reloading data..."
"Opcja aktywna do mapowania","Option enabled for mapping"
"Opcje: %1","Options: %1"
"Operacja nie powiodła się.","The operation failed."
"Operacja zakończona.","The operation has completed."
"Parametry drzewa Ergonode","Ergonode Tree Parameters"
"po zapisie","after save"
"Pobieranie dostępnych języków…","Loading available languages…"
"Pobierz ZIP","Download ZIP"
"Po pełnym imporcie twórz i aktualizuj kategorie Magento.","Create and update Magento categories after a full import."
"Pokaż czerwone mapowania","Show red mappings"
"Pokaż zielone mapowania","Show green mappings"
"Pokaż żółte mapowania","Show yellow mappings"
"Preview eksportu","Export Preview"
"Preview nie zawiera błędów.","The preview contains no errors."
"Przeciągnij kategorię do drzewa Magento. Ikona oka blokuje kategorię w mapowaniu.","Drag a category to the Magento tree. The eye icon blocks a category from mapping."
"Przeciągnij kategorię do wybranej kategorii w drzewie Magento.","Drag a category to the selected category in the Magento tree."
"Przeciągnij opcję","Drag an option"
"Przenieś niżej","Move down"
"Przenieś wyżej","Move up"
"Przejdź do konfiguracji","Open Configuration"
"Przejdź do mapowania opcji: %1 → %2","Open option mapping: %1 → %2"
"Przełączanie pary atrybutów","Switching the attribute pair"
"Rozwiń dzieci","Expand children"
"Sesja administratora Magento wygasła. Zaloguj się ponownie i odśwież stronę.","The Magento administrator session has expired. Sign in again and refresh the page."
"Sortowanie atrybutów","Attribute Sorting"
"Sortowanie opcji","Option Sorting"
"Sortuj malejąco","Sort descending"
"Sortuj po etykiecie","Sort by label"
"Sortuj po ID","Sort by ID"
"Sortuj po kodzie","Sort by code"
"Sortuj po nazwie","Sort by name"
"Sortuj rosnąco","Sort ascending"
"Spróbuj ponownie.","Try again."
"Store View aktywny do mapowania","Store View enabled for mapping"
"Synchronizuj","Synchronize"
"Synchronizuj automatycznie","Synchronize automatically"
"Szukaj języka...","Search languages..."
"Szukaj kategorii...","Search categories..."
"Szukaj set...","Search attribute sets..."
"Szukaj Store View...","Search Store Views..."
"Szukaj w Ergonode...","Search Ergonode..."
"Szukaj w Magento...","Search Magento..."
"Szukaj: etykieta, kod...","Search: label, code..."
"Szukaj: nazwa, kod...","Search: name, code..."
"Ta opcja nie pasuje do wymaganego typu.","This option does not match the required type."
"Ten atrybut jest już użyty w innym mapowaniu.","This attribute is already used in another mapping."
"Ten atrybut Magento jest już użyty w innym mapowaniu.","This Magento attribute is already used in another mapping."
"Ten element jest wyłączony z mapowania.","This item is disabled for mapping."
"Ten slot przyjmuje tylko atrybuty %1.","This slot accepts only %1 attributes."
"Ten slot przyjmuje tylko opcje %1.","This slot accepts only %1 options."
"Ten Store View ma już przypisany język.","This Store View already has a language assigned."
"To drzewo jest miejscem mapowania. Upuść kategorię Ergonode na docelowej kategorii Magento.","This tree is the mapping target. Drop an Ergonode category onto the target Magento category."
"Tworzenie kategorii z mapowania drzewa jest obecnie niedostępne","Creating categories from tree mapping is currently unavailable"
"Upuść atrybut","Drop an attribute"
"Upuść atrybut w bocznej strefie usuwania z mapowania.","Drop the attribute in the side zone to remove it from mapping."
"Upuść attribute set","Drop an attribute set"
"Upuść kategorię Ergonode na celu. Zablokowany cel nie przyjmuje mapowań.","Drop an Ergonode category onto a target. A blocked target does not accept mappings."
"Upuść język","Drop a language"
"Upuść opcję w bocznej strefie usuwania z mapowania.","Drop the option in the side zone to remove it from mapping."
"Upuść Store View","Drop a Store View"
"Upuść tutaj język Ergonode","Drop an Ergonode language here"
"Upuść tutaj kategorię Ergonode","Drop an Ergonode category here"
"Upuść tutaj Magento Store View","Drop a Magento Store View here"
"Upuść tutaj, aby rozpocząć nowe mapowanie","Drop here to start a new mapping"
"Upuść tutaj, aby usunąć z mapowania","Drop here to remove from mapping"
"Uruchamiam dry-run...","Starting dry run..."
"Ustawienia eksportu","Export Settings"
"Uwzględniaj tę konfigurację podczas importu.","Include this configuration during import."
"Uwzględnij w mapowaniu","Include in mapping"
"Usuń brakujące kategorie","Remove missing categories"
"Usuń konfigurację drzewa","Delete tree configuration"
"Usuń mapowanie","Remove mapping"
"Usuń mapowanie %1 do %2","Remove mapping from %1 to %2"
"Usuń mapowanie elementu %1","Remove %1 item mapping"
"Usuń mapowanie elementu Ergonode","Remove Ergonode item mapping"
"Usuń mapowanie elementu Ergonode: %1","Remove Ergonode item mapping: %1"
"Usuń mapowanie elementu Magento","Remove Magento item mapping"
"Usuń mapowanie elementu Magento: %1","Remove Magento item mapping: %1"
"Usuń mapowanie opcji","Remove option mapping"
"Usuń mapowanie opcji: %1","Remove option mapping: %1"
"Usuń przestarzałe","Remove obsolete"
"Usuń z importowanych danych pozycje, których nie ma już w Ergonode.","Remove items from imported data that no longer exist in Ergonode."
"Utwórz","Create"
"Przejdź do mapowania języków","Go to language mapping"
"Utwórz atrybut","Create attribute"
"Utwórz atrybut w Ergonode","Create attribute in Ergonode"
"Utwórz atrybut w Ergonode z Magento","Create an Ergonode attribute from Magento"
"Utwórz atrybut w Magento","Create attribute in Magento"
"Utwórz opcję w Ergonode","Create option in Ergonode"
"Utwórz opcję w Ergonode z Magento","Create an Ergonode option from Magento"
"Utwórz opcję w Magento","Create option in Magento"
"Utwórz opcję w Magento z opcji Ergonode","Create a Magento option from the Ergonode option"
"Utwórz zestaw atrybutów w Magento","Create attribute set in Magento"
"Utwórz w Ergonode","Create in Ergonode"
"Uzupełnij","Complete"
"Uzupełnij brakujące atrybuty w Ergonode i Magento","Complete missing attributes in Ergonode and Magento"
"Uzupełnij brakujące opcje w Ergonode i Magento","Complete missing options in Ergonode and Magento"
"Wczytaj atrybuty z Ergonode","Load attributes from Ergonode"
"Wczytaj opcje z Ergonode","Load options from Ergonode"
"Włącz / wyłącz język w mapowaniu","Enable or disable the language in mapping"
"Włącz / wyłącz mapowanie","Enable or disable mapping"
"Włącz / wyłącz opcję z mapowania","Enable or disable the option for mapping"
"Włącz / wyłącz Store View w mapowaniu","Enable or disable the Store View in mapping"
"Włącz / wyłącz attribute set w mapowaniu","Enable or disable the attribute set in mapping"
"Włączony zestaw atrybutów do mapowania","Attribute set enabled for mapping"
"Wróć","Back"
"Workspace wymaga elementu root.","Workspace requires a root element."
"Wszystkie języki są już aktywne","All languages are already active"
"Wybierz całe drzewo kategorii","Select the entire category tree"
"Wybierz konfigurację albo zmień ich kolejność","Select a configuration or change their order"
"Wybierz konfigurację z listy, aby wczytać drzewa kategorii.","Select a configuration from the list to load the category trees."
"Wybierz język Ergonode: %1","Select Ergonode language: %1"
"Wybierz język oraz język dziedziczenia.","Select a language and its inheritance language."
"Wybierz lub przeciągnij język i Store View","Select or drag a language and Store View"
"Wybierz Magento Store View: %1","Select Magento Store View: %1"
"Wybierz typ atrybutu Ergonode","Select Ergonode attribute type"
"Wybierz zmapowaną parę atrybutów","Select a mapped attribute pair"
"wybranych","selected"
"Wyczyść szkic","Clear draft"
"Wyłącz z mapowania","Disable for mapping"
"Wyłączone","Disabled"
"Wymaga mutacji GraphQL zapisu drzewa kategorii","Requires a GraphQL Category Tree write mutation"
"Wymaga poprawy","Needs correction"
"Wymaga uwagi: brakuje drugiej opcji","Needs attention: the other option is missing"
"Wymaga uwagi: konflikt wartości","Needs attention: value conflict"
"Wybierz język domyślny","Choose the default language"
"Wymagane mapowanie atrybutu","Required attribute mapping"
"Wymagany typ","Required type"
"Tego elementu nie można wyłączyć, ponieważ jest wymagany do synchronizacji.","This item cannot be disabled because synchronization requires it."
"Przypisz język Ergonode, który ma być używany jako domyślny. Bez tego synchronizacja nie może się rozpocząć.","Assign the Ergonode language that should be used as the default. Synchronization cannot start until you do."
"Ten atrybut jest wymagany w Magento. Przypisz mu odpowiadający atrybut Ergonode. Bez tego synchronizacja nie może się rozpocząć.","This attribute is required in Magento. Assign the corresponding Ergonode attribute. Synchronization cannot start until you do."
"* Wymagane","* Required"
"Wyszukaj język","Search for a language"
"Wyszukaj po nazwie lub kodzie, np. polski albo pl_PL","Search by name or code, for example Polish or pl_PL"
"Wyklucz z mapowania","Exclude from mapping"
"z Ergonode","from Ergonode"
"z Magento","from Magento"
"Zapisano","Saved"
"Zapisano kolejność konfiguracji.","Configuration order has been saved."
"Zapisano drzewo kategorii.","Category Tree saved."
"Zapisywanie","Saving"
"Zapisywanie mapowania już trwa.","The mapping is already being saved."
"Zapisywanie...","Saving..."
"Zapisz","Save"
"Zaznacz wszystkie dostępne kategorie","Select all available categories"
"Zaznacz wszystkie dostępne kategorie w %1","Select all available categories in %1"
"Zapisz bieżące zmiany albo użyj przycisku „+” w wierszu mapowania.","Save the current changes or use the “+” button in the mapping row."
"Zapisz bieżące zmiany przed aktywacją języka.","Save current changes before activating a language."
"Zapisz i przejdź","Save and Continue"
"Zapisz mapowanie","Save Mapping"
"Zapisz mapowanie opcji","Save Option Mapping"
"Zapisz ustawienia","Save settings"
"Zapisz zmiany przed przejściem","Save changes before continuing"
"Zaznacz kategorie, aby zobaczyć kody.","Select categories to view codes."
"Zaznaczenie rodzica obejmuje całą gałąź. Zaznaczenie dziecka automatycznie dołącza przodków.","Selecting a parent includes the entire branch. Selecting a child automatically includes its ancestors."
"Zestaw atrybutów zostanie utworzony w Magento po zapisaniu mapowania.","The attribute set will be created in Magento after saving the mapping."
"Zgodne typy","Compatible types"
"Zmapowano %1 z %2 opcji","Mapped %1 of %2 options"
"Zmień typ tworzonego atrybutu Ergonode","Change the Ergonode attribute type being created"
"Zwiń dzieci","Collapse children"
"Przeciągnij kategorię, aby ją zmapować","Drag a category to map it"
"Upuść kategorię na docelowym wierszu","Drop a category on the target row"
"Upuść kategorię Ergonode, aby ją zmapować","Drop an Ergonode category to map it"
"Konfiguracje: %1","Configurations: %1"
"Brak","None"
"Dane kategorii zostały odświeżone.","Category data has been refreshed."
"Masz niezapisane zmiany. Odświeżyć dane i je odrzucić?","You have unsaved changes. Refresh the data and discard them?"
"Nie udało się odświeżyć danych kategorii.","Unable to refresh category data."
"Wspólny kursor zmian drzewa pobieranych ze streamu Ergonode.","Shared cursor for tree changes fetched from the Ergonode stream."
"Atrybuty Ergonode","Ergonode Attributes"
"Brak atrybutów relacji w cache Ergonode.","No relation attributes are available in the Ergonode cache."
"Brak mapowań relacji","No relation mappings"
"Dodaj mapowanie","Add mapping"
"Domyślnie wyłączone","Disabled by default"
"Ergonode ograniczył liczbę zapytań","Ergonode rate limited the requests"
"Hasło","Password"
"Kategorie Ergonode będą synchronizowane poniżej tego korzenia.","Ergonode categories will be synchronized below this root."
"Kod nowego drzewa (litery, cyfry, _ lub -):","New tree code (letters, digits, _ or -):"
"Kursor categoryTreeStream został zresetowany.","The categoryTreeStream cursor has been reset."
"Lista pokazuje nazwę i kod drzewa pobrane z Ergonode.","The list shows the tree name and code fetched from Ergonode."
"Logowanie nie powiodło się.","Login failed."
"Mapowanie drzewa kategorii","Category Tree Mapping"
"Mapowanie relacji produktów","Product Relation Mapping"
"Nazwa nowego drzewa:","New tree name:"
"Nie udało się pobrać drzew z Ergonode.","Unable to retrieve trees from Ergonode."
"Nie udało się sprawdzić sesji API. Zaloguj się ponownie.","Unable to verify the API session. Sign in again."
"Nie udało się utworzyć drzewa.","Unable to create the tree."
"Nie udało się utworzyć drzewa. Sprawdź sesję API Ergonode.","Unable to create the tree. Check the Ergonode API session."
"Nie udało się zresetować kursora.","Unable to reset the cursor."
"Nowy atrybut relacji","New relation attribute"
"Odśwież atrybuty relacji z Ergonode","Refresh relation attributes from Ergonode"
"Odśwież drzewa","Refresh trees"
"Odświeżanie zakończone","Refresh completed"
"Partie: %1, zmienione: %2, bez zmian: %3. Przeładowuję widok.","Batches: %1, changed: %2, unchanged: %3. Reloading the view."
"Pobierz kod i nazwę drzew z Ergonode","Fetch tree codes and names from Ergonode"
"Pobrano drzewa Ergonode: ","Fetched Ergonode trees: "
"Pobrano partię %1. Sprawdzam, czy są kolejne dane.","Fetched batch %1. Checking whether more data is available."
"Połącz drzewo Ergonode z katalogiem Magento. Drzewa i korzenia nie można zmienić po zapisaniu mapowania.","Connect the Ergonode tree to the Magento catalog. The tree and root cannot be changed after saving the mapping."
"Produkty powiązane","Related Products"
"Przeciągnij atrybut do mapowania","Drag an attribute to the mapping"
"Przeciągnij elementy z bocznych kolumn albo wybierz je klawiaturą","Drag items from the side columns or select them using the keyboard"
"Przeciągnij typ do mapowania","Drag a type to the mapping"
"Relacje produktów pozostają wyłączone.","Product relations remain disabled."
"Szukaj atrybutu...","Search attributes..."
"Szukaj typu relacji...","Search relation types..."
"Ta operacja ręcznie zmienia drzewo Ergonode. Zaloguj się na czas tej sesji administratora.","This operation manually changes the Ergonode tree. Sign in for the duration of this administrator session."
"Kategoria „%1” nie istnieje jeszcze w Ergonode. Kliknij „Zapisz”, aby ją utworzyć i zapisać mapowanie.","The “%1” category does not exist in Ergonode yet. Click “Save” to create it and save the mapping."
"Kategoria ""%1"" została pominięta: kod Ergonode ""%2"" jest już używany.","Category ""%1"" was skipped because the Ergonode code ""%2"" is already in use."
"Upuść typ relacji","Drop a relation type"
"Usuń","Delete"
"Usuń mapowanie %1","Remove mapping %1"
"Usuń z importowanych danych pozycje nieobecne już w Ergonode.","Remove items from imported data that are no longer present in Ergonode."
"Utwórz atrybut relacji w Ergonode","Create a relation attribute in Ergonode"
"Utwórz drzewo w Ergonode","Create a tree in Ergonode"
"Utwórz kategorię w Ergonode","Create a category in Ergonode"
"Utwórz kategorię w Ergonode na podstawie kategorii Magento. Zmiana zostanie wykonana po zapisaniu.","Create an Ergonode category based on the Magento category. The change will be applied after saving."
"Uwzględniaj mapowanie podczas importu.","Include the mapping during import."
"Użyty","Used"
"Wybierz kategorię główną","Select the root category"
"Wznowię odświeżanie za %1 s.","Refresh will resume in %1 s."
"Zaznacz %1 do utworzenia w Ergonode","Select %1 to create in Ergonode"
"Zaznacz kategorię do utworzenia w Ergonode","Select the category to create in Ergonode"
"Zresetować globalny kursor categoryTreeStream? Następny import rozpocznie od początku streamu.","Reset the global categoryTreeStream cursor? The next import will start from the beginning of the stream."
"Łączę się z Ergonode i pobieram najnowsze dane.","Connecting to Ergonode and fetching the latest data."
"TWORZENIE","CREATING"
"Tworzenie","Creating"
"Zapisz mapowanie, aby je zatwierdzić.","Save the mapping to confirm it."
"Aktualizuję drzewo Ergonode i zapisuję mapowania w Magento…","Updating the Ergonode tree and saving mappings in Magento…"
"Backend nie zwrócił wyniku dla kategorii.","The backend did not return a result for the category."
"Bieżąca paczka","Current batch"
"Błąd procesu","Process error"
"Błędy wymagające uwagi","Errors requiring attention"
"Ergonode ograniczyło liczbę zapytań.","Ergonode has rate limited the requests."
"Kategoria nie została dodana do drzewa, ponieważ jej kategoria nadrzędna ma błąd.","The category was not added to the tree because its parent category has an error."
"Nie udało się połączyć z Magento podczas przetwarzania paczki.","Unable to connect to Magento while processing the batch."
"Nie udało się przetworzyć paczki kategorii.","Unable to process the category batch."
"Nie udało się zakończyć procesu tworzenia kategorii.","Unable to complete the category creation process."
"Nie udało się zakończyć procesu.","Unable to complete the process."
"Nieznana kategoria","Unknown category"
"Nieznany błąd.","Unknown error."
"Oczekiwanie na ponowne udostępnienie API: %1 s","Waiting for the API to become available: %1 s"
"Postęp tworzenia kategorii","Category creation progress"
"Proces zakończony. Poprawne kategorie zapisano, a błędy pozostawiono do ponowienia.","Process completed. Valid categories were saved and errors were left for retry."
"Proces został zatrzymany.","The process has stopped."
"Przetwarzam paczkę %1 z %2 (%3 kategorii).","Processing batch %1 of %2 (%3 categories)."
"Przetwarzanie paczek zakończone.","Batch processing completed."
"Przygotowuję operacje…","Preparing operations…"
"Szacowany czas do końca: %1","Estimated time remaining: %1"
"Szacowany czas pojawi się po pierwszej paczce.","The estimated time will appear after the first batch."
"Tworzenie kategorii w Ergonode","Creating categories in Ergonode"
"Wszystkie kategorie zostały utworzone i zapisane.","All categories have been created and saved."
"błędów","errors"
"około %1 min","about %1 min"
"około %1 s","about %1 s"
"pozostało","remaining"
"Operacja przekroczyła limit 60 sekund.","The operation exceeded the 60-second limit."
"Błędy","Errors"
"Ergonode nie zwróciło identyfikatora utworzonej kategorii.","Ergonode did not return the created category identifier."
"Filtruj status mapowania","Filter mapping status"
"Kategoria powstała w Ergonode, ale nie udało się zapisać mapowania. Użyj „Zapisz”, aby ponowić.","The category was created in Ergonode, but the mapping could not be saved. Use “Save” to retry."
"Kategoria została utworzona w Ergonode i zmapowana z Magento.","The category was created in Ergonode and mapped to Magento."
"Nie udało się przygotować kategorii do utworzenia w Ergonode.","Unable to prepare the category for creation in Ergonode."
"Nie udało się przygotować mapowania utworzonej kategorii.","Unable to prepare the mapping for the created category."
"Nie udało się utworzyć i zmapować kategorii w Ergonode.","Unable to create and map the category in Ergonode."
"Nie udało się utworzyć kategorii w Ergonode.","Unable to create the category in Ergonode."
"Opcje","Options"
"Opcje mapowania","Mapping options"
"Ostrzeżenia","Warnings"
"ostrzeżeń","warnings"
"Element wymaga uwagi.","The item requires attention."
"Ponawiam za %1 s.","Retrying in %1 s."
"Poprawne","Successful"
"Przetworzono %1 z %2","Processed %1 of %2"
"Utwórz kategorię w Ergonode i zapisz mapowanie z kategorią Magento.","Create the category in Ergonode and save its mapping to the Magento category."
"Zamknij","Close"
"poprawnych","successful"
"Dodaj do mapowania","Add to mapping"
"Opcje atrybutu","Attribute options"
"Opcje elementu","Item options"
"Opcje języka","Language options"
"Opcje wartości","Value options"
"Utwórz Attribute Set w Magento","Create an Attribute Set in Magento"
"Utwórz w Magento","Create in Magento"
"Pominięte","Skipped"
"Pokaż atrybuty pominięte w mapowaniu","Show attributes skipped in mapping"
"Ukryj atrybuty pominięte w mapowaniu","Hide attributes skipped in mapping"
"Pokaż języki i widoki sklepów pominięte w mapowaniu","Show languages and store views skipped in mapping"
"Ukryj języki i widoki sklepów pominięte w mapowaniu","Hide languages and store views skipped in mapping"
"Pokaż kategorie pominięte w mapowaniu","Show categories skipped in mapping"
"Ukryj kategorie pominięte w mapowaniu","Hide categories skipped in mapping"
"Pokaż opcje pominięte w mapowaniu","Show options skipped in mapping"
"Ukryj opcje pominięte w mapowaniu","Hide options skipped in mapping"
"Remove from list","Remove from list"
"Drag here to remove this language","Drag here to remove this language"
"Automatically connect languages to Store View locales","Automatically connect languages to Store View locales"
"Remove ""%1"" from this list? Magento data will not be deleted.","Remove ""%1"" from this list? Magento data will not be deleted."
"Save mapping changes before removing this item.","Save mapping changes before removing this item."
"The item has been removed from this list.","The item has been removed from this list."
"Unable to remove the item from this list.","Unable to remove the item from this list."
"Relation attribute options","Relation attribute options"
"Options require a saved attribute mapping.","Options require a saved attribute mapping."
"Opcja zostanie utworzona w Magento po zapisaniu mapowania.","The option will be created in Magento after the mapping is saved."
"This element is already mapped.","This element is already mapped."
"Workspace context requires an active scope and root element.","Workspace context requires an active scope and root element."
"Synchronization is turned off","Synchronization is turned off"
"Nie udało się automatycznie dopasować atrybutów","Unable to automatically match attributes"
"Nie udało się przygotować propozycji mapowania.","Unable to prepare mapping suggestions."
"Niezgodne typy: %1","Incompatible types: %1"
"Unable to prepare automatic attribute mappings.","Unable to prepare automatic attribute mappings."
"Schedule","Schedule"
"Five-part cron expression in the Magento configuration timezone, for example */20 * * * *.","Five-part cron expression in the Magento configuration timezone, for example */20 * * * *."
"Five-part cron expression in the Magento configuration timezone, for example */15 * * * *.","Five-part cron expression in the Magento configuration timezone, for example */15 * * * *."
"Cron schedule must contain exactly five fields.","Cron schedule must contain exactly five fields."
"Cron schedule contains an invalid field ""%1"".","Cron schedule contains an invalid field ""%1""."
"Fizycznie usuń wcześniej zmapowane kategorie Magento, których nie ma już w Ergonode. Kategorie niezmapowane i wykluczone pozostają bez zmian.","Physically delete previously mapped Magento categories that no longer exist in Ergonode. Unmapped and excluded categories remain unchanged."
"After a complete import, physically delete Magento categories previously mapped to Ergonode categories that are no longer present. Unmapped or excluded Magento categories are preserved. Deletion is blocked when a mapped category contains an unmanaged or excluded descendant.","After a complete import, physically delete Magento categories previously mapped to Ergonode categories that are no longer present. Unmapped or excluded Magento categories are preserved. Deletion is blocked when a mapped category contains an unmanaged or excluded descendant."
"Automatically Match Magento Attribute Sets","Automatically Match Magento Attribute Sets"
"Dół","Descending"
"Góra","Ascending"
"Opcje sortowania atrybutów","Attribute sorting options"
"Opcje sortowania opcji","Option sorting options"
"Szkic niepełnego mapowania","Incomplete mapping draft"
"Ten element oczekuje już na połączenie.","This item is already waiting to be connected."
"Tworzę zestaw atrybutów w Magento i zapisuję mapowanie.","Creating an attribute set in Magento and saving the mapping."
"Usuń mapowanie atrybutów","Remove attribute mapping"
"Przygotowano brakujące opcje. Zapisz mapowanie, aby zastosować zmiany.","Missing options have been prepared. Save the mapping to apply the changes."
"Nie udało się uzupełnić opcji","Unable to complete options"
"Nie udało się przygotować brakujących opcji Magento.","Unable to prepare missing Magento options."
"Uwaga, dane są niezapisane","Warning, data is unsaved"
"Masz niezapisane zmiany. Czy chcesz je zapisać przed przejściem na inną stronę?","You have unsaved changes. Do you want to save them before leaving this page?"
"Przejdź bez zapisu","Leave without saving"
"Atrybut Magento już istnieje i został podpięty do mapowania.","The Magento attribute already exists and has been attached to the mapping."
"Atrybut Magento o kodzie „%1” już istnieje.","A Magento attribute with code “%1” already exists."
"Brakuje kodu albo typu atrybutu Ergonode.","The Ergonode attribute code or type is missing."
"Tego typu atrybutu nie można utworzyć automatycznie w Magento.","This attribute type cannot be created automatically in Magento."
"Utwórz atrybut w Magento z atrybutu Ergonode","Create a Magento attribute from the Ergonode attribute"
"Zapisz mapowanie kategorii","Save category mapping"
"Backend nie zwrócił wyniku dla elementu.","The backend did not return a result for the item."
"Brak kontraktu zapisu mapowania.","The mapping save contract is unavailable."
"Nie udało się przetworzyć paczki.","Unable to process the batch."
"Nie udało się zakończyć procesu tworzenia w Ergonode.","Unable to complete the Ergonode creation process."
"Nieznany element","Unknown item"
"Postęp tworzenia atrybutów","Attribute creation progress"
"Postęp tworzenia atrybutów kategorii","Category attribute creation progress"
"Postęp tworzenia elementów","Item creation progress"
"Postęp tworzenia opcji","Option creation progress"
"Proces zakończony. Poprawne atrybuty kategorii zapisano, a błędy pozostawiono do ponowienia.","The process is complete. Successful category attributes were saved and failed items were left for retry."
"Proces zakończony. Poprawne atrybuty zapisano, a błędy pozostawiono do ponowienia.","The process is complete. Successful attributes were saved and failed items were left for retry."
"Proces zakończony. Poprawne elementy zapisano, a błędy pozostawiono do ponowienia.","The process is complete. Successful items were saved and failed items were left for retry."
"Proces zakończony. Poprawne opcje zapisano, a błędy pozostawiono do ponowienia.","The process is complete. Successful options were saved and failed items were left for retry."
"Przetwarzam paczkę %1 z %2 (%3 atrybutów kategorii).","Processing batch %1 of %2 (%3 category attributes)."
"Przetwarzam paczkę %1 z %2 (%3 atrybutów).","Processing batch %1 of %2 (%3 attributes)."
"Przetwarzam paczkę %1 z %2 (%3 elementów).","Processing batch %1 of %2 (%3 items)."
"Przetwarzam paczkę %1 z %2 (%3 opcji).","Processing batch %1 of %2 (%3 options)."
"Tworzenie atrybutów kategorii w Ergonode","Creating category attributes in Ergonode"
"Tworzenie atrybutów w Ergonode","Creating attributes in Ergonode"
"Tworzenie elementów w Ergonode","Creating items in Ergonode"
"Tworzenie opcji w Ergonode","Creating options in Ergonode"
"Wszystkie atrybuty kategorii zostały utworzone i zapisane.","All category attributes have been created and saved."
"Wszystkie atrybuty zostały utworzone i zapisane.","All attributes have been created and saved."
"Wszystkie elementy zostały utworzone i zapisane.","All items have been created and saved."
"Wszystkie opcje zostały utworzone i zapisane.","All options have been created and saved."
"Zapisuję przygotowane mapowania w Magento…","Saving the prepared mappings in Magento…"
"atrybutów","attributes"
"atrybutów kategorii","category attributes"
"elementów","items"
"Automatically match option mappings without saving","Automatically match option mappings without saving"
"Nie udało się automatycznie dopasować opcji","Unable to automatically match options"
"Nie udało się przygotować propozycji mapowania opcji.","Unable to prepare option mapping suggestions."
"Zmienione: %1, bez zmian: %2. Przeładowuję widok.","Changed: %1, unchanged: %2. Reloading the view."
"%1 elementów wymaga przeglądu: sprawdź pominięte opcje lub błędy synchronizacji.","%1 items require review: check skipped options or synchronization errors."
"Odświeżono atrybuty Ergonode: %1 pobranych, %2 zmienionych, %3 mapowań opcji.","Refreshed Ergonode attributes: %1 imported, %2 changed, %3 option mappings."
"Odświeżono atrybuty Ergonode: %1 pobranych, %2 zmienionych.","Refreshed Ergonode attributes: %1 imported, %2 changed."
"Zaznacz element: %1","Select item: %1"
"Zaznacz wszystkie widoczne elementy: %1","Select all visible items: %1"
"Dodaj zaznaczone elementy z %1 do mapowania","Add selected items from %1 to mapping"
"Zaznacz element","Select item"
"Zaznacz wszystkie widoczne elementy","Select all visible items"
"Zaznacz wszystkie","Select all"
"Odznacz wszystkie","Deselect all"
"Odznacz wszystkie widoczne elementy: %1","Deselect all visible items: %1"
"Wstrzymaj","Pause"
"Wznów","Resume"
"Wstrzymuję proces po zakończeniu bieżącej operacji…","Pausing after the current operation finishes…"
"Proces wstrzymany. Kliknij „Wznów”, aby kontynuować.","Process paused. Click Resume to continue."
"Pozostaw tę kartę otwartą, aby zachować postęp procesu.","Keep this tab open to preserve the process progress."
"Mapowanie opcji","Option mapping"
"Nie udało się załadować mapowania opcji.","Unable to load option mapping."
"Nie udało się zbudować mapowania opcji.","Unable to build option mapping."
"Wybrana para atrybutów","Selected attribute pair"
"Ładowanie mapowania opcji","Loading option mapping"
