"Active","Aktywne"
"After save","Po zapisaniu"
"Allow Creating Magento Attribute Sets","Zezwalaj na tworzenie zestawów atrybutów Magento"
"Allow Magento to create or update data in Ergonode.","Zezwalaj Magento na tworzenie i aktualizowanie danych w Ergonode."
"Allow Magento to read data from Ergonode.","Zezwalaj Magento na odczytywanie danych z Ergonode."
"API Key","Klucz API"
"API Key is required to test the connection.","Klucz API jest wymagany do przetestowania połączenia."
"API Key is required when the operation status is enabled.","Klucz API jest wymagany, gdy operacja jest włączona."
"Are you sure you want to delete this Category Tree?","Czy na pewno chcesz usunąć to drzewo kategorii?"
"Attribute actions: Ergonode","Akcje atrybutów: Ergonode"
"Attribute actions: Magento","Akcje atrybutów: Magento"
"Attribute mappings have been saved.","Mapowania atrybutów zostały zapisane."
"Attribute sets","Zestawy atrybutów"
"Attributes","Atrybuty"
"Auto Connect","Połącz automatycznie"
"Back","Wróć"
"Base address of the Ergonode instance, for example https://example.ergonode.cloud","Adres bazowy instancji Ergonode, na przykład https://example.ergonode.cloud"
"Categories","Kategorie"
"Categories reconciled. Created: %1, moved: %2, conflicts: %3.","Kategorie zostały uzgodnione. Utworzono: %1, przeniesiono: %2, konflikty: %3."
"Category layout has been saved.","Układ kategorii został zapisany."
"Category snapshot refreshed. Imported rows: %1.","Migawka kategorii została odświeżona. Zaimportowane wiersze: %1."
"Category snapshot refreshed. Source categories: %1.","Migawka kategorii została odświeżona. Kategorie źródłowe: %1."
"Category sync has finished.","Synchronizacja kategorii została zakończona."
"Category Tree","Drzewo kategorii"
"Category Tree #%1 deletion","Usunięcie drzewa kategorii #%1"
"Category options","Opcje kategorii"
"Category actions: %1","Akcje kategorii: %1"
"Clear selection","Wyczyść zaznaczenie"
"Choose a Magento root category.","Wybierz główną kategorię Magento."
"Connect","Połącz"
"Disconnect","Odłącz"
"Disconnect selected mappings","Odłącz zaznaczone mapowania"
"Do you want to delete this product relation mapping?","Czy chcesz usunąć to mapowanie relacji produktów?"
"Exclude","Wyklucz"
"Exclude selected from mapping","Wyklucz zaznaczone z mapowania"
"Include","Uwzględnij"
"Include selected in mapping","Uwzględnij zaznaczone w mapowaniu"
"Select category %1","Zaznacz kategorię %1"
"Select visible categories","Zaznacz widoczne kategorie"
"Selected: %1","Wybrano: %1"
"Category sections","Sekcje kategorii"
"Category Tree does not exist.","Drzewo kategorii nie istnieje."
"Category Tree has been saved.","Drzewo kategorii zostało zapisane."
"Category Tree is required.","Drzewo kategorii jest wymagane."
"Category Tree Mapping","Mapowanie drzewa kategorii"
"Category Tree Mapping: Ergonode → Magento","Mapowanie drzewa kategorii: Ergonode → Magento"
"Category Tree order has been saved.","Kolejność drzew kategorii została zapisana."
"Category Trees","Drzewa kategorii"
"Category trees refreshed: %1.","Odświeżone drzewa kategorii: %1."
"Category trees were refreshed.","Drzewa kategorii zostały odświeżone."
"Category tree code exceeds 64 characters.","Kod drzewa kategorii przekracza 64 znaki."
"Category tree code is required.","Kod drzewa kategorii jest wymagany."
"Category tree name exceeds 255 characters.","Nazwa drzewa kategorii przekracza 255 znaków."
"Category tree name is required.","Nazwa drzewa kategorii jest wymagana."
"Config","Konfiguracja"
"Konfiguracja drzewa","Konfiguracja drzewa"
"Konfiguracje drzew","Konfiguracje drzew"
"Configure Category Trees","Konfiguruj drzewa kategorii"
"Connect Category Trees","Połącz drzewa kategorii"
"Connection","Połączenie"
"Connection failed.","Połączenie nie powiodło się."
"Connection successful.","Połączenie zakończone powodzeniem."
"Could not delete the Category Tree.","Nie udało się usunąć drzewa kategorii."
"Could not load category trees from Ergonode.","Nie udało się wczytać drzew kategorii z Ergonode."
"Could not refresh the category snapshot.","Nie udało się odświeżyć migawki kategorii."
"Could not refresh the Ergonode category trees.","Nie udało się odświeżyć drzew kategorii Ergonode."
"Could not save the Category Tree.","Nie udało się zapisać drzewa kategorii."
"Could not synchronize categories for this Category Tree.","Nie udało się zsynchronizować kategorii dla tego drzewa."
"Create","Utwórz"
"Configure at least one active Ergonode language mapped to an active Magento store scope.","Skonfiguruj co najmniej jeden aktywny język Ergonode zmapowany z aktywnym zakresem sklepu Magento."
"Created","Utworzono"
"Creating categories from the tree mapping is unavailable: the verified Ergonode GraphQL schema does not expose category-tree write mutations.","Tworzenie kategorii z mapowania drzewa jest niedostępne: zweryfikowany schemat GraphQL Ergonode nie udostępnia mutacji zapisu drzewa kategorii."
"Cron","Cron"
"Cron Expression","Wyrażenie cron"
"Cron Expression is invalid.","Wyrażenie cron jest nieprawidłowe."
"Cron Expression is required when cron status is enabled.","Wyrażenie cron jest wymagane, gdy cron jest włączony."
"Delete","Usuń"
"Delete %1","Usuń %1"
"Delete Category Tree #%1","Usuń drzewo kategorii #%1"
"DO UTWORZENIA","DO UTWORZENIA"
"DO ZAPISU","DO ZAPISU"
"Dry-run","Przebieg próbny"
"Dry-run has been completed.","Przebieg próbny został zakończony."
"Edit","Edytuj"
"Endpoint","Endpoint"
"Ergonode attribute ""%1"" was synchronized, but cache refresh failed: %2","Atrybut Ergonode ""%1"" został zsynchronizowany, ale odświeżenie pamięci podręcznej nie powiodło się: %2"
"Attribute ""%1"" already exists in Ergonode and has been linked to Magento attribute ""%2"".","Atrybut „%1” już istnieje w Ergonode i został połączony z atrybutem Magento „%2”."
"Option ""%1"" already exists in Ergonode and has been linked to Magento option ""%2"".","Opcja „%1” już istnieje w Ergonode i została połączona z opcją Magento „%2”."
"Ergonode attribute code and Magento option code and label are required.","Wymagane są kod atrybutu Ergonode oraz kod i etykieta opcji Magento."
"Ergonode attribute code and Magento option label are required.","Wymagane są kod atrybutu Ergonode oraz etykieta opcji Magento."
"Ergonode option code ""%1"" is generated for more than one Magento option.","Kod opcji Ergonode „%1” został wygenerowany dla więcej niż jednej opcji Magento."
"Ergonode category synchronization is disabled.","Synchronizacja kategorii Ergonode jest wyłączona."
"Ergonode connection failed with HTTP status %1.","Połączenie z Ergonode nie powiodło się ze statusem HTTP %1."
"Ergonode languages have been refreshed.","Języki Ergonode zostały odświeżone."
"Ergonode rejected the connection test.","Ergonode odrzuciło test połączenia."
"Ergonode returned a non-JSON response.","Ergonode zwróciło odpowiedź inną niż JSON."
"Ergonode sections","Sekcje Ergonode"
"Ergonode Tree","Drzewo Ergonode"
"Ergonode URL","Adres URL Ergonode"
"Ergonode URL is required.","Adres URL Ergonode jest wymagany."
"Ergonode URL must match https://{tenant}.ergonode.cloud.","Adres URL Ergonode musi mieć postać https://{tenant}.ergonode.cloud."
"Export","Eksport"
"Export Category Tree","Eksport drzewa kategorii"
"ID","ID"
"Invalid language mapping payload.","Dane mapowania języków są nieprawidłowe."
"Invalid save payload.","Dane zapisu są nieprawidłowe."
"Language ""%1"" has been activated in Ergonode.","Język ""%1"" został aktywowany w Ergonode."
"Language ""%1"" is already active in Ergonode.","Język ""%1"" jest już aktywny w Ergonode."
"Language mappings have been saved.","Mapowania języków zostały zapisane."
"Languages","Języki"
"Last Full Import","Ostatni pełny import"
"Last Synchronization","Ostatnia synchronizacja"
"Loaded %1 Ergonode category trees.","Wczytano %1 drzew kategorii Ergonode."
"Magento attribute code, label or supported type is missing.","Brakuje kodu, etykiety albo obsługiwanego typu atrybutu Magento."
"Magento attribute set","Zestaw atrybutów Magento"
"Magento Category #%1","Kategoria Magento #%1"
"Magento option label is required.","Etykieta opcji Magento jest wymagana."
"Magento option will be created when option mappings are saved.","Opcja Magento zostanie utworzona podczas zapisywania mapowań opcji."
"Magento Root","Kategoria główna Magento"
"Magento Root / Store Groups","Kategoria główna Magento / grupy sklepów"
"Magento Store View","Widok sklepu Magento"
"Magento Store Views","Widoki sklepów Magento"
"Magento unit attribute ""%1"" does not have Ergonode unit metadata.","Atrybut jednostki Magento ""%1"" nie ma metadanych jednostki Ergonode."
"Manage Category Trees","Zarządzaj drzewami kategorii"
"Map Categories","Mapuj kategorie"
"Missing attribute mapping context.","Brakuje kontekstu mapowania atrybutów."
"Missing Magento option sides have been prepared. Save mappings to apply them.","Przygotowano brakujące opcje Magento. Zapisz mapowanie, aby zastosować zmiany."
"Unable to prepare missing Magento options.","Nie udało się przygotować brakujących opcji Magento."
"Mapped attributes do not support option mapping.","Zmapowane atrybuty nie obsługują mapowania opcji."
"Ergonode option code and label are required.","Kod i etykieta opcji Ergonode są wymagane."
"Missing options cannot be created for this native Magento attribute.","Brakujących opcji nie można utworzyć dla tego natywnego atrybutu Magento."
"Invalid Ergonode option list.","Lista opcji Ergonode jest nieprawidłowa."
"Missing Ergonode attribute mapping context.","Brakuje kontekstu mapowania atrybutu Ergonode."
"Missing language mapping payload.","Brakuje danych mapowania języków."
"Missing save payload.","Brakuje danych zapisu."
"Name","Nazwa"
"No mapped attribute pair","Brak zmapowanej pary atrybutów"
"Category data has been refreshed.","Dane kategorii zostały odświeżone."
"Kursor categoryTreeStream","Kursor categoryTreeStream"
"Najnowszy zapis mapowania tej konfiguracji.","Najnowszy zapis mapowania tej konfiguracji."
"Ostatnia synchronizacja Magento","Ostatnia synchronizacja Magento"
"Unable to auto-map categories.","Nie udało się automatycznie zmapować kategorii."
"Option actions: Ergonode","Akcje opcji: Ergonode"
"Option actions: Magento","Akcje opcji: Magento"
"Option mappings have been saved.","Mapowania opcji zostały zapisane."
"Options","Opcje"
"Options can be refreshed only for saved option-mappable attribute pairs.","Opcje można odświeżać tylko dla zapisanych par atrybutów obsługujących opcje."
"Odepnij %1","Odepnij %1"
"Odepnij %1: %2","Odepnij %1: %2"
"Odepnij Magento Store View","Odepnij widok sklepu Magento"
"Odepnij Magento Store View: %1","Odepnij widok sklepu Magento: %1"
"Po kodzie","Po kodzie"
"po nazwie","po nazwie"
"Read Operations","Operacje odczytu"
"Refresh","Odśwież"
"Refresh Ergonode Trees","Odśwież drzewa Ergonode"
"Remove Missing Categories","Usuń brakujące kategorie"
"Save","Zapisz"
"Save & Continue","Zapisz i kontynuuj"
"Select a language and its inheritance language.","Wybierz język oraz język dziedziczenia."
"Skipped","Pominięto"
"Status","Status"
"Store Group: %1","Grupa sklepów: %1"
"Synced","Zsynchronizowano"
"Synchronization","Synchronizacja"
"Synchronize","Synchronizuj"
"Synchronize %1","Synchronizuj %1"
"Synchronize Category Tree #%1","Synchronizuj drzewo kategorii #%1"
"Synchronize attributes only","Synchronizuj tylko atrybuty"
"Synchronize Categories Automatically","Automatycznie synchronizuj kategorie"
"Synchronize categories for this Category Tree?","Zsynchronizować kategorie dla tego drzewa?"
"Synchronize sections and attributes","Synchronizuj sekcje i atrybuty"
"Tree","Drzewo"
"Test Connection","Testuj połączenie"
"Testing connection...","Testowanie połączenia..."
"The category selection is invalid.","Wybór kategorii jest nieprawidłowy."
"The Category Tree has been deleted.","Drzewo kategorii zostało usunięte."
"The Category Tree no longer exists.","Drzewo kategorii już nie istnieje."
"The Category Tree order is invalid.","Kolejność drzew kategorii jest nieprawidłowa."
"The tree was created, but the Ergonode tree list could not be refreshed.","Drzewo zostało utworzone, ale nie udało się odświeżyć listy drzew Ergonode."
"Unable to activate the language in Ergonode.","Nie udało się aktywować języka w Ergonode."
"Unable to connect to Ergonode: %1","Nie udało się połączyć z Ergonode: %1"
"Unable to create the category tree in Ergonode.","Nie udało się utworzyć drzewa kategorii w Ergonode."
"Unable to create Ergonode attribute ""%1"".","Nie udało się utworzyć atrybutu Ergonode ""%1""."
"Unable to download the category tree export.","Nie udało się pobrać eksportu drzewa kategorii."
"Unable to load languages available in Ergonode.","Nie udało się wczytać języków dostępnych w Ergonode."
"Unable to preview the category tree export.","Nie udało się wyświetlić podglądu eksportu drzewa kategorii."
"Unable to refresh Ergonode attributes: %1","Nie udało się odświeżyć atrybutów Ergonode: %1"
"Unable to refresh Ergonode categories: %1","Nie udało się odświeżyć kategorii Ergonode: %1"
"Unable to refresh Ergonode languages.","Nie udało się odświeżyć języków Ergonode."
"Unable to refresh Ergonode options: %1","Nie udało się odświeżyć opcji Ergonode: %1"
"Unable to save attribute mappings.","Nie udało się zapisać mapowań atrybutów."
"Unable to save category layout.","Nie udało się zapisać układu kategorii."
"Category Attribute Options","Opcje atrybutów kategorii"
"Category Attributes","Atrybuty kategorii"
"Synchronize Category Attributes","Synchronizuj atrybuty kategorii"
"Updates only complete attribute mappings for categories belonging to active Category Trees.","Aktualizuje tylko kompletne mapowania atrybutów kategorii należących do aktywnych drzew kategorii."
"Category attribute mappings have been saved.","Mapowania atrybutów kategorii zostały zapisane."
"Category option mappings have been saved.","Mapowania opcji kategorii zostały zapisane."
"Invalid category attribute mapping snapshot.","Migawka mapowania atrybutów kategorii jest nieprawidłowa."
"Magento category option label is required.","Etykieta opcji kategorii Magento jest wymagana."
"Magento category option will be created when mappings are saved.","Opcja kategorii Magento zostanie utworzona podczas zapisywania mapowań."
"Missing category attribute mapping context.","Brakuje kontekstu mapowania atrybutu kategorii."
"No mapped category attribute pair","Brak zmapowanej pary atrybutów kategorii"
"Options require a saved category attribute mapping.","Opcje wymagają zapisanego mapowania atrybutu kategorii."
"Unable to refresh Ergonode category attributes.","Nie udało się odświeżyć atrybutów kategorii Ergonode."
"Unable to refresh Ergonode category options.","Nie udało się odświeżyć opcji kategorii Ergonode."
"Unable to save category attribute mappings.","Nie udało się zapisać mapowań atrybutów kategorii."
"Unable to save category option mappings.","Nie udało się zapisać mapowań opcji kategorii."
"Unable to save the Category Tree order.","Nie udało się zapisać kolejności drzew kategorii."
"Unable to save language mappings.","Nie udało się zapisać mapowań języków."
"Unable to save option mappings.","Nie udało się zapisać mapowań opcji."
"Unable to sync categories: %1","Nie udało się zsynchronizować kategorii: %1"
"Unable to synchronize Ergonode option ""%1"".","Nie udało się zsynchronizować opcji Ergonode ""%1""."
"Unable to test the Ergonode connection.","Nie udało się przetestować połączenia z Ergonode."
"Unsupported Ergonode operation.","Nieobsługiwana operacja Ergonode."
"Updated","Zaktualizowano"
"Website: %1","Witryna: %1"
"Write Operations","Operacje zapisu"
"↳ Store View: %1 (%2)","↳ Widok sklepu: %1 (%2)"
"Categories refreshed.","Odświeżono kategorie."
"Additional readiness requirement","Dodatkowe wymaganie gotowości"
"An active Ergonode category tree is connected to a Magento root category.","Aktywne drzewo kategorii Ergonode jest połączone z kategorią główną Magento."
"Automatic category synchronization can create mappings, or at least one category is mapped for publishing to Ergonode.","Automatyczna synchronizacja kategorii może utworzyć mapowania albo co najmniej jedna kategoria jest zmapowana do publikacji w Ergonode."
"Blocked","Zablokowane"
"Ergonode GraphQL URL is configured.","Adres URL GraphQL Ergonode jest skonfigurowany."
"Ergonode read API key is configured.","Klucz API Ergonode do odczytu jest skonfigurowany."
"Ergonode read operations are enabled.","Operacje odczytu Ergonode są włączone."
"Ergonode write API key is configured.","Klucz API Ergonode do zapisu jest skonfigurowany."
"Ergonode write operations are enabled.","Operacje zapisu Ergonode są włączone."
"Every required Magento product attribute has an Ergonode mapping.","Każdy wymagany atrybut produktu Magento ma mapowanie Ergonode."
"Failed","Niezaliczone"
"Magento Default Values (store ID 0) is mapped to an active Ergonode language.","Wartości domyślne Magento (ID sklepu 0) są zmapowane z aktywnym językiem Ergonode."
"Mapped Magento root categories exist.","Zmapowane kategorie główne Magento istnieją."
"Not checked","Nie sprawdzono"
"Optional","Opcjonalne"
"Other","Inne"
"Passed","Zaliczone"
"Receive data from Ergonode","Pobieranie danych z Ergonode"
"Readiness","Gotowość"
"Readiness requirements for this area are satisfied.","Wymagania gotowości dla tego obszaru są spełnione."
"Ready","Gotowe"
"Required","Wymagane"
"Requires login","Wymaga logowania"
"Resolve issue","Rozwiąż problem"
"Resolve the blocking requirements before starting synchronization.","Spełnij blokujące wymagania przed rozpoczęciem synchronizacji."
"Resolve the blocking configuration issues before starting synchronization.","Rozwiąż blokujące problemy konfiguracji przed rozpoczęciem synchronizacji."
"Synchronization can start, but some data may be omitted.","Synchronizacja może się rozpocząć, ale część danych może zostać pominięta."
"Synchronization Readiness","Gotowość synchronizacji"
"Send data to Ergonode","Wysyłanie danych do Ergonode"
"The configured Ergonode integration capabilities are ready.","Skonfigurowane możliwości integracji Ergonode są gotowe."
"The Ergonode integration is ready for product synchronization.","Integracja Ergonode jest gotowa do synchronizacji produktów."
"Warning","Ostrzeżenie"
"Load the signed-in account privileges from the Ergonode REST profile.","Pobierz uprawnienia zalogowanego konta z profilu REST Ergonode."
"Optional add-on for clients that start with catalog data in Magento and want to send it to Ergonode.","Opcjonalny dodatek dla klientów, którzy zaczynają z danymi katalogowymi w Magento i chcą wysyłać je do Ergonode."
"Required for importing and updating Magento data from Ergonode. This is sufficient for most integrations.","Wymagane do importowania i aktualizowania danych Magento z Ergonode. Ten zakres wystarcza w większości integracji."
"Required synchronization can run; review optional capabilities and non-blocking issues.","Wymagana synchronizacja może działać; sprawdź opcjonalne możliwości i problemy nieblokujące."
"%1 required Magento product attribute(s) do not have a complete Ergonode mapping.","Wymagane atrybuty produktów Magento bez kompletnego mapowania Ergonode: %1."
"An active category-tree mapping references a missing Magento root category.","Aktywne mapowanie drzewa kategorii wskazuje brakującą kategorię główną Magento."
"Configure the Ergonode GraphQL URL.","Skonfiguruj adres URL GraphQL Ergonode."
"Configure the Ergonode read API key.","Skonfiguruj klucz API Ergonode do odczytu."
"Configure the Ergonode write API key before publishing products.","Skonfiguruj klucz API Ergonode do zapisu przed publikacją produktów."
"Connect at least one active Ergonode category tree to a Magento root category.","Połącz co najmniej jedno aktywne drzewo kategorii Ergonode z kategorią główną Magento."
"Enable Ergonode read operations.","Włącz operacje odczytu Ergonode."
"Enable Ergonode write operations before publishing products.","Włącz operacje zapisu Ergonode przed publikacją produktów."
"Ergonode synchronization cannot start: %1","Synchronizacja Ergonode nie może się rozpocząć: %1"
"Map Magento Default Values (store ID 0) to an active Ergonode language.","Zmapuj wartości domyślne Magento (store ID 0) z aktywnym językiem Ergonode."
"Automatic Magento category creation is disabled and no category is mapped. Products can be published, but category assignments will not synchronize.","Automatyczne tworzenie kategorii Magento jest wyłączone i żadna kategoria nie jest zmapowana. Produkty mogą zostać opublikowane, ale przypisania kategorii nie zostaną zsynchronizowane."
"Tree ""%1"" references missing Magento root category ID %2.","Drzewo „%1” wskazuje brakującą kategorię główną Magento ID %2."
"%1 is not configured at ""%2"".","%1 nie jest skonfigurowane w „%2”."
"Category reconciliation has finished.","Uzgadnianie kategorii zostało zakończone."
"Conflicts","Konflikty"
"Could not reconcile categories for this Category Tree.","Nie udało się uzgodnić kategorii dla tego drzewa kategorii."
"Database","Baza danych"
"Draft","Wersja robocza"
"Invalid reconciliation payload.","Dane uzgadniania kategorii są nieprawidłowe."
"Moved","Przeniesiono"
"Unable to reconcile categories.","Nie udało się uzgodnić kategorii."
"Unable to refresh Ergonode categories.","Nie udało się odświeżyć kategorii Ergonode."
"Unmatched","Niedopasowane"
"Child category auto-mapping has finished.","Zakończono automatyczne mapowanie podkategorii."
"Category has been removed from this list.","Kategoria została usunięta z tej listy."
"Create category in Magento","Utwórz kategorię w Magento"
"Create in Magento","Utwórz w Magento"
"Magento category has been created and mapped.","Kategoria Magento została utworzona i zmapowana."
"Magento category was already mapped.","Kategoria Magento była już zmapowana."
"Magento root","Kategoria główna Magento"
"Mapped children","Zmapowane podkategorie"
"Remove","Usuń"
"Remove ""%1"" from this list? The Magento category will not be deleted.","Usunąć „%1” z tej listy? Kategoria Magento nie zostanie usunięta."
"Save mapping changes before creating a Magento category.","Zapisz zmiany mapowania przed utworzeniem kategorii Magento."
"Save mapping changes before removing this category.","Zapisz zmiany mapowania przed usunięciem tej kategorii."
"Unable to create the Magento category.","Nie udało się utworzyć kategorii Magento."
"Unable to remove the category from this list.","Nie udało się usunąć kategorii z tej listy."
"Unmatched children","Niedopasowane podkategorie"
"Wybierz język domyślny","Wybierz język domyślny"
"Wymagane mapowanie atrybutu","Wymagane mapowanie atrybutu"
"Tego elementu nie można wyłączyć, ponieważ jest wymagany do synchronizacji.","Tego elementu nie można wyłączyć, ponieważ jest wymagany do synchronizacji."
"Przypisz język Ergonode, który ma być używany jako domyślny. Bez tego synchronizacja nie może się rozpocząć.","Przypisz język Ergonode, który ma być używany jako domyślny. Bez tego synchronizacja nie może się rozpocząć."
"Ten atrybut jest wymagany w Magento. Przypisz mu odpowiadający atrybut Ergonode. Bez tego synchronizacja nie może się rozpocząć.","Ten atrybut jest wymagany w Magento. Przypisz mu odpowiadający atrybut Ergonode. Bez tego synchronizacja nie może się rozpocząć."
"* Wymagane","* Wymagane"
"<a href=""https://usermanual.ergonode.com/system/settings/api-keys"" target=""_blank"" rel=""noopener noreferrer"">Where to create an API key in the Ergonode panel</a>","<a href=""https://usermanual.ergonode.com/system/settings/api-keys"" target=""_blank"" rel=""noopener noreferrer"">Gdzie utworzyć klucz API w panelu Ergonode</a>"
"In Ergonode, open System Settings → API keys and create a new key. Leave write access disabled; read access is enabled by default. Copy the generated key and paste it here.","W Ergonode otwórz Ustawienia systemowe → Klucze API i utwórz nowy klucz. Pozostaw dostęp do zapisu wyłączony; dostęp do odczytu jest włączony domyślnie. Skopiuj wygenerowany klucz i wklej go tutaj."
"In Ergonode, open System Settings → API keys and create a separate key. Enable write access (mutations), then copy the generated key and paste it here. Existing keys cannot be changed.","W Ergonode otwórz Ustawienia systemowe → Klucze API i utwórz osobny klucz. Włącz dostęp do zapisu (mutacje), a następnie skopiuj wygenerowany klucz i wklej go tutaj. Istniejących kluczy nie można zmieniać."
"API Login","Logowanie do API"
"API session active","Sesja API jest aktywna"
"API session inactive","Sesja API jest nieaktywna"
"Attribute name is required.","Nazwa atrybutu jest wymagana."
"Attribute options","Opcje atrybutu"
"Attribute sections","Sekcje atrybutu"
"Category ""%1"" cannot be its own parent.","Kategoria „%1” nie może być swoim własnym rodzicem."
"Category tree contains a cycle near ""%1"".","Drzewo kategorii zawiera cykl w pobliżu „%1”."
"Category tree stream cursor has been reset.","Kursor streamu drzewa kategorii został zresetowany."
"Configure a valid Ergonode GraphQL URL before manual operations.","Przed wykonaniem operacji ręcznych skonfiguruj prawidłowy URL GraphQL Ergonode."
"Configure an active Ergonode language mapping before creating an attribute.","Przed utworzeniem atrybutu skonfiguruj aktywne mapowanie języka Ergonode."
"Could not reset the category tree stream cursor.","Nie udało się zresetować kursora streamu drzewa kategorii."
"Delete this product relation mapping?","Usunąć to mapowanie relacji produktów?"
"Edytuj mapowanie","Edytuj mapowanie"
"Edytuj mapowanie %1","Edytuj mapowanie %1"
"Ergonode API login","Logowanie do API Ergonode"
"Ergonode REST request failed with HTTP status %1.","Żądanie REST Ergonode nie powiodło się ze statusem HTTP %1."
"Ergonode REST returned an invalid JSON response.","REST Ergonode zwrócił nieprawidłową odpowiedź JSON."
"Ergonode category ""%1"" has no REST identifier.","Kategoria Ergonode „%1” nie ma identyfikatora REST."
"Ergonode category ""%1"" is not visible in REST yet. Retry the save in a moment.","Kategoria Ergonode „%1” nie jest jeszcze widoczna w REST. Ponów zapis za chwilę."
"Ergonode category label is required.","Etykieta kategorii Ergonode jest wymagana."
"Ergonode category tree ""%1"" was not found.","Nie znaleziono drzewa kategorii Ergonode „%1”."
"Ergonode did not return an access token.","Ergonode nie zwrócił tokenu dostępu."
"Ergonode did not return the category tree identifier.","Ergonode nie zwrócił identyfikatora drzewa kategorii."
"Ergonode login","Login Ergonode"
"Ergonode login and password are required.","Login i hasło Ergonode są wymagane."
"Ergonode login succeeded without an access token.","Logowanie do Ergonode powiodło się bez tokenu dostępu."
"Ergonode product relation attribute ""%1"" is ready for mapping.","Atrybut relacji produktów Ergonode „%1” jest gotowy do mapowania."
"Ergonode product relation attribute code is required.","Kod atrybutu relacji produktów Ergonode jest wymagany."
"Ergonode relation attributes have been refreshed.","Atrybuty relacji Ergonode zostały odświeżone."
"Ergonode will replace this Magento relation.","Ergonode zastąpi tę relację Magento."
"Globalny","Globalny"
"Globalny kursor zmian drzew pobieranych z Ergonode.","Globalny kursor zmian drzew pobieranych z Ergonode."
"Invalid Ergonode category code ""%1"".","Nieprawidłowy kod kategorii Ergonode „%1”."
"Log in to API","Zaloguj się do API"
"Log in to Ergonode to perform this manual operation.","Zaloguj się do Ergonode, aby wykonać tę operację ręczną."
"Log in with an Ergonode account allowed to create and edit category trees over the REST API.","Zaloguj się kontem Ergonode z uprawnieniami do tworzenia i edycji drzew kategorii przez REST API."
"Log out from API","Wyloguj się z API"
"Login Ergonode","Login Ergonode"
"Logowanie do Ergonode","Logowanie do Ergonode"
"Lokalny","Lokalny"
"Magento product link","Powiązanie produktu Magento"
"Magento will replace this Ergonode relation.","Magento zastąpi tę relację Ergonode."
"Mapping for Ergonode attribute ""%1"" has been deleted.","Mapowanie atrybutu Ergonode „%1” zostało usunięte."
"Mapping for Ergonode attribute ""%1"" has been saved.","Mapowanie atrybutu Ergonode „%1” zostało zapisane."
"Multimedia","Multimedia"
"No relation data will be read or written.","Dane relacji nie będą odczytywane ani zapisywane."
"Only a one-sided change is propagated. Conflicting changes are stopped without overwriting data.","Propagowana jest tylko zmiana jednostronna. Zmiany konfliktowe są zatrzymywane bez nadpisywania danych."
"Only the login is stored for 30 days. Password and access token are never remembered.","Tylko login jest przechowywany przez 30 dni. Hasło i token dostępu nigdy nie są zapamiętywane."
"Parent category ""%1"" is missing from the tree.","W drzewie brakuje kategorii nadrzędnej „%1”."
"Password","Hasło"
"Product Relations","Relacje produktów"
"Product relations","Relacje produktów"
"ProductRelationAttribute","ProductRelationAttribute"
"Products","Produkty"
"Relations","Relacje"
"Remember me","Zapamiętaj mnie"
"Resetuj kursor","Resetuj kursor"
"The Ergonode category tree has been created.","Drzewo kategorii Ergonode zostało utworzone."
"The Ergonode tree contains categories missing from this screen. Refresh the tree before saving.","Drzewo Ergonode zawiera kategorie niewidoczne na tym ekranie. Odśwież drzewo przed zapisaniem."
"The Ergonode tree was updated, but Magento could not refresh its snapshot: %1","Drzewo Ergonode zostało zaktualizowane, ale Magento nie mogło odświeżyć jego migawki: %1"
"The access token is encrypted in the current Magento administrator session and is never sent to the browser.","Token dostępu jest szyfrowany w bieżącej sesji administratora Magento i nigdy nie jest wysyłany do przeglądarki."
"This element is already used in a product relation mapping.","Ten element jest już użyty w mapowaniu relacji produktów."
"Tree code may contain letters, numbers, underscores and hyphens (max. 64).","Kod drzewa może zawierać litery, cyfry, podkreślenia i łączniki (maks. 64)."
"Tree name is required.","Nazwa drzewa jest wymagana."
"Trees","Drzewa"
"Tryb synchronizacji","Tryb synchronizacji"
"Typy relacji Magento","Typy relacji Magento"
"Unable to create Ergonode category ""%1"" over GraphQL: %2","Nie udało się utworzyć kategorii Ergonode „%1” przez GraphQL: %2"
"Unable to create the Ergonode category tree.","Nie udało się utworzyć drzewa kategorii Ergonode."
"Unable to create the Ergonode product relation attribute.","Nie udało się utworzyć atrybutu relacji produktów Ergonode."
"Unable to delete the product relation mapping.","Nie udało się usunąć mapowania relacji produktów."
"Unable to log in to Ergonode.","Nie udało się zalogować do Ergonode."
"Unable to refresh Ergonode relation attributes.","Nie udało się odświeżyć atrybutów relacji Ergonode."
"Unable to save the product relation mapping.","Nie udało się zapisać mapowania relacji produktów."
"Unsupported attribute scope.","Nieobsługiwany zakres atrybutu."
"Use a lowercase attribute code starting with a letter and containing only letters, numbers, and underscores.","Użyj kodu atrybutu pisanego małymi literami, zaczynającego się literą i zawierającego tylko litery, cyfry oraz podkreślenia."
"Your Ergonode session has expired or lacks permission. Log in again.","Sesja Ergonode wygasła albo nie ma wymaganych uprawnień. Zaloguj się ponownie."
"Your Ergonode session has expired. Log in again.","Sesja Ergonode wygasła. Zaloguj się ponownie."
"Your Ergonode session is invalid. Log in again.","Sesja Ergonode jest nieprawidłowa. Zaloguj się ponownie."
"Zakres","Zakres"
"Zaloguj","Zaloguj"
"Invalid Magento attribute set identifier ""%1"".","Nieprawidłowy identyfikator zestawu atrybutów Magento „%1”."
"TWORZENIE","TWORZENIE"
"Default Include in Navigation Menu","Domyślne uwzględnienie w menu nawigacyjnym"
"Default Is Active","Domyślna aktywność"
"Include in Navigation Menu","Uwzględnij w menu nawigacyjnym"
"Is Active","Aktywna"
"Magento Attribute Ownership","Zarządzanie atrybutami Magento"
"Magento category attribute ""%1"" is not available for Ergonode mapping.","Atrybut kategorii Magento „%1” nie jest dostępny do mapowania z Ergonode."
"Manual Magento value","Ręczna wartość Magento"
"Mapping","Mapowanie"
"Map Attributes with Identical Codes","Mapuj atrybuty z identycznymi kodami"
"During attribute import from cron or CLI, create a missing Magento attribute and map it only when its code is identical to the Ergonode attribute code.","Podczas importu atrybutów z cron lub CLI utwórz brakujący atrybut Magento i zmapuj go tylko wtedy, gdy jego kod jest identyczny z kodem atrybutu Ergonode."
"Import","Import"
"System","System"
"Mapping requires an Ergonode attribute. Manual mode sets the selected value only when a Magento category is created and ignores later Ergonode updates.","Tryb mapowania wymaga atrybutu Ergonode. Tryb ręczny ustawia wybraną wartość tylko podczas tworzenia kategorii Magento i ignoruje późniejsze aktualizacje z Ergonode."
"Value assigned once when synchronization creates a Magento category.","Wartość przypisywana jednorazowo podczas tworzenia kategorii Magento przez synchronizację."
"Choose a Magento category attribute before creating an Ergonode attribute.","Wybierz atrybut kategorii Magento przed utworzeniem atrybutu Ergonode."
"Ergonode category attribute ""%1"" was created, but cache refresh failed: %2","Atrybut kategorii Ergonode „%1” został utworzony, ale odświeżenie pamięci podręcznej nie powiodło się: %2"
"Magento category attribute ""%1"" does not exist.","Atrybut kategorii Magento „%1” nie istnieje."
"Magento category attribute type ""%1"" cannot be created in Ergonode.","Typ atrybutu kategorii Magento „%1” nie może zostać utworzony w Ergonode."
"Magento category unit attribute ""%1"" does not have an Ergonode unit name.","Atrybut kategorii Magento typu jednostka „%1” nie ma nazwy jednostki Ergonode."
"The Ergonode login or password is incorrect.","Login lub hasło Ergonode są nieprawidłowe."
"This Ergonode account is not allowed to access the API.","To konto Ergonode nie ma dostępu do API."
"Your Ergonode account does not have permission to perform this operation.","Konto Ergonode nie ma uprawnień do wykonania tej operacji."
"Your Ergonode session has expired or is invalid. Log in again.","Sesja Ergonode wygasła lub jest nieprawidłowa. Zaloguj się ponownie."
"Category code ""%1"" occurs more than once in the batch.","Kod kategorii „%1” występuje w paczce więcej niż raz."
"Category ""%1"" was skipped because Ergonode category code ""%2"" is already used.","Kategoria „%1” została pominięta, ponieważ kod kategorii Ergonode „%2” jest już używany."
"Invalid category collision report.","Nieprawidłowe zgłoszenie kolizji kodu kategorii."
"Unable to create the Ergonode category.","Nie udało się utworzyć kategorii Ergonode."
"Category batch cannot be empty.","Paczka kategorii nie może być pusta."
"Category batch contains %1 items; the maximum is %2.","Paczka kategorii zawiera %1 elementów; maksymalna liczba to %2."
"Ergonode limited GraphQL requests. Retry in %1 seconds.","Ergonode ograniczyło liczbę zapytań GraphQL. Ponowienie za %1 s."
"Category already exists in Ergonode.","Kategoria już istnieje w Ergonode."
"Attribute already exists in Ergonode and has been verified for mapping. Ergonode response: %1","Atrybut już istnieje w Ergonode i został zweryfikowany do mapowania. Odpowiedź Ergonode: %1"
"Existing Ergonode attribute verification failed: %1","Weryfikacja istniejącego atrybutu Ergonode nie powiodła się: %1"
"The existing Ergonode attribute is not compatible with the Magento attribute.","Istniejący atrybut Ergonode nie jest zgodny z atrybutem Magento."
"Category has been synchronized with Ergonode.","Kategoria została zsynchronizowana z Ergonode."
"Ergonode category identity has been verified.","Identyfikator kategorii Ergonode został zweryfikowany."
"Unable to process the Ergonode category batch.","Nie udało się przetworzyć paczki kategorii Ergonode."
"Missing category batch payload.","Brakuje danych paczki kategorii."
"Invalid category batch payload.","Dane paczki kategorii są nieprawidłowe."
"Ergonode limited REST requests. Retry in %1 seconds.","Ergonode ograniczyło liczbę zapytań REST. Ponowienie za %1 s."
"Ergonode category ""%1"" is not visible in REST yet. Retrying shortly.","Kategoria Ergonode „%1” nie jest jeszcze widoczna w REST. Próba zostanie wkrótce ponowiona."
"Cancel","Anuluj"
"Category is required.","Kategoria jest wymagana."
"Disabled by default because changing URL keys affects product URLs and rewrites.","Domyślnie wyłączone, ponieważ zmiana kluczy URL wpływa na adresy URL produktów i przekierowania."
"Ergonode Category Code","Kod kategorii Ergonode"
"Ergonode did not return the created category identifier.","Ergonode nie zwróciło identyfikatora utworzonej kategorii."
"Log in","Zaloguj"
"Log in to Ergonode","Logowanie do Ergonode"
"Login failed.","Logowanie nie powiodło się."
"Map SKU attribute","Mapuj atrybut SKU"
"Magento-owned (not mapped)","Własność Magento (bez mapowania)"
"Mapping exposes Magento Price as a mapping target. Magento-owned mode excludes it from Ergonode mapping.","Mapowanie udostępnia cenę Magento jako cel mapowania. Tryb własności Magento wyklucza ją z mapowania Ergonode."
"Mapping exposes Magento Visibility as a mapping target. Magento-owned mode excludes it from Ergonode mapping.","Mapowanie udostępnia widoczność Magento jako cel mapowania. Tryb własności Magento wyklucza ją z mapowania Ergonode."
"Price","Cena"
"Product Visibility","Widoczność produktu"
"Close message","Zamknij komunikat"
"SKU","SKU"
"The Magento category does not belong to an active Ergonode Category Tree.","Kategoria Magento nie należy do aktywnego drzewa kategorii Ergonode."
"The category has been created in Ergonode and mapped with Magento.","Kategoria została utworzona w Ergonode i zmapowana z Magento."
"This operation changes the Ergonode category tree. Log in for this admin session.","Ta operacja zmienia drzewo kategorii Ergonode. Zaloguj się na czas tej sesji administratora."
"URL Key Mapping","Mapowanie klucza URL"
"Unable to check the API session. Log in again.","Nie udało się sprawdzić sesji API. Zaloguj się ponownie."
"Unable to connect to Magento.","Nie udało się połączyć z Magento."
"Unable to create and map the category in Ergonode.","Nie udało się utworzyć i zmapować kategorii w Ergonode."
"Unable to create the Ergonode category: %1","Nie udało się utworzyć kategorii Ergonode: %1"
"Unable to delete the Magento category.","Nie udało się usunąć kategorii Magento."
"Unknown error.","Nieznany błąd."
"Use Ergonode SKU","Używaj SKU Ergonode"
"Use the Ergonode product SKU or expose Magento SKU as a mapping target.","Używaj SKU produktu z Ergonode albo udostępnij SKU Magento jako cel mapowania."
"This Store Group already has a mapping.","Ta grupa sklepów posiada już mapowanie."
"Select a Magento root category.","Wybierz kategorię główną Magento."
"Mapping active","Mapowanie aktywne"
"Mapping disabled","Mapowanie wyłączone"
"Mapping error","Błąd mapowania"
"Drag here to remove this language","Przeciągnij tutaj, aby usunąć ten język"
"Automatically connect languages to Store View locales","Automatycznie połącz języki z ustawieniami regionalnymi Store View"
"Language actions: Ergonode","Akcje języków: Ergonode"
"Language actions: Magento","Akcje języków: Magento"
"Show excluded languages","Pokaż języki wykluczone z mapowania"
"Hide excluded languages","Ukryj języki wykluczone z mapowania"
"Show excluded Store Views","Pokaż Store View wykluczone z mapowania"
"Hide excluded Store Views","Ukryj Store View wykluczone z mapowania"
"Remove from list","Usuń z listy"
"Unlink mapping","Rozłącz mapowanie"
"Magento","Magento"
"Show excluded languages and Store Views","Pokaż języki i widoki sklepów wykluczone z mapowania"
"Hide excluded languages and Store Views","Ukryj języki i widoki sklepów wykluczone z mapowania"
"Excluded","Wykluczone"
"Excluding this item will remove multiple mappings and save the change immediately. Continue?","Wykluczenie tego elementu usunie kilka mapowań i od razu zapisze zmianę. Kontynuować?"
"Remove ""%1"" from this list? Magento data will not be deleted.","Usunąć „%1” z tej listy? Dane w Magento nie zostaną usunięte."
"Save mapping changes before removing this item.","Zapisz zmiany mapowania przed usunięciem tego elementu."
"The item has been removed from this list.","Element został usunięty z tej listy."
"Unable to remove the item from this list.","Nie udało się usunąć elementu z tej listy."
"Relation attribute options","Opcje atrybutu relacji"
"Options require a saved attribute mapping.","Opcje wymagają zapisanego mapowania atrybutu."
"Opcja zostanie utworzona w Magento po zapisaniu mapowania.","Opcja zostanie utworzona w Magento po zapisaniu mapowania."
"This element is already mapped.","Ten element jest już zmapowany."
"Workspace context requires an active scope and root element.","Kontekst workspace wymaga aktywnego scope i elementu głównego."
"Synchronization is turned off","Synchronizacja jest wyłączona"
"Schedule","Harmonogram"
"Five-part cron expression in the Magento configuration timezone, for example */20 * * * *.","Pięciopolowe wyrażenie cron w strefie czasowej konfiguracji Magento, na przykład */20 * * * *."
"Five-part cron expression in the Magento configuration timezone, for example */15 * * * *.","Pięciopolowe wyrażenie cron w strefie czasowej konfiguracji Magento, na przykład */15 * * * *."
"Cron schedule must contain exactly five fields.","Harmonogram cron musi zawierać dokładnie pięć pól."
"Cron schedule contains an invalid field ""%1"".","Harmonogram cron zawiera nieprawidłowe pole „%1”."
"Fizycznie usuń wcześniej zmapowane kategorie Magento, których nie ma już w Ergonode. Kategorie niezmapowane i wykluczone pozostają bez zmian.","Fizycznie usuń wcześniej zmapowane kategorie Magento, których nie ma już w Ergonode. Kategorie niezmapowane i wykluczone pozostają bez zmian."
"After a complete import, physically delete Magento categories previously mapped to Ergonode categories that are no longer present. Unmapped or excluded Magento categories are preserved. Deletion is blocked when a mapped category contains an unmanaged or excluded descendant.","Po pełnym imporcie fizycznie usuń kategorie Magento wcześniej zmapowane z kategoriami Ergonode, których już tam nie ma. Kategorie niezmapowane lub wykluczone pozostają bez zmian. Usuwanie jest blokowane, gdy zmapowana kategoria zawiera niezarządzanego lub wykluczonego potomka."
"Ergonode language code is required.","Kod języka Ergonode jest wymagany."
"Language ""%1"" is not available in the local snapshot.","Język „%1” nie jest dostępny w lokalnym snapshocie."
"Ergonode attribute code is required.","Kod atrybutu Ergonode jest wymagany."
"Attribute ""%1"" is not available in the local snapshot.","Atrybut „%1” nie jest dostępny w lokalnym snapshocie."
"Ergonode attribute and option codes are required.","Kody atrybutu i opcji Ergonode są wymagane."
"Option ""%1"" is not available in the local snapshot.","Opcja „%1” nie jest dostępna w lokalnym snapshocie."
"Ergonode category attribute code is required.","Kod atrybutu kategorii Ergonode jest wymagany."
"Category attribute ""%1"" is not available in the local snapshot.","Atrybut kategorii „%1” nie jest dostępny w lokalnym snapshocie."
"Category Code","Kod kategorii"
"Category refreshed from Ergonode.","Odświeżono kategorię z Ergonode."
"Unable to refresh the category from Ergonode.","Nie udało się odświeżyć kategorii z Ergonode."
"Nie udało się automatycznie dopasować atrybutów","Nie udało się automatycznie dopasować atrybutów"
"Nie udało się przygotować propozycji mapowania.","Nie udało się przygotować propozycji mapowania."
"Niezgodne typy: %1","Niezgodne typy: %1"
"Unable to prepare automatic attribute mappings.","Nie udało się przygotować automatycznych mapowań atrybutów."
"Automatically Match Magento Attribute Sets","Automatycznie dopasuj zestawy atrybutów Magento"
"Full Reconciliation Interval (hours)","Interwał pełnego uzgadniania (godziny)"
"Magento cron expression used to poll the enabled change stream and advance one full-reconciliation page when it is due.","Wyrażenie cron Magento używane do odpytywania włączonego strumienia zmian i przetwarzania jednej strony pełnego uzgadniania, gdy nadejdzie jego termin."
"Runs a generation-based full scan as a safety net. A completed scan is not restarted before this interval elapses.","Uruchamia pełny skan oparty na generacjach jako zabezpieczenie. Zakończony skan nie jest uruchamiany ponownie przed upływem tego interwału."
"Publish to Ergonode","Wyślij do Ergonode"
"Scheduled %1 product(s) for Ergonode publication in job #%2.","Zaplanowano publikację %1 produktów w Ergonode w zadaniu #%2."
"Unable to schedule the selected products for Ergonode publication.","Nie udało się zaplanować publikacji wybranych produktów w Ergonode."
"Schedule the selected products for publication to Ergonode?","Zaplanować publikację wybranych produktów w Ergonode?"
"Choose at least one product to publish to Ergonode.","Wybierz co najmniej jeden produkt do publikacji w Ergonode."
"The product-grid selection cannot be prepared for publication.","Nie można przygotować zaznaczenia z gridu produktów do publikacji."
"Dół","Dół"
"Góra","Góra"
"Opcje sortowania atrybutów","Opcje sortowania atrybutów"
"Opcje sortowania opcji","Opcje sortowania opcji"
"Szkic niepełnego mapowania","Szkic niepełnego mapowania"
"Ten element oczekuje już na połączenie.","Ten element oczekuje już na połączenie."
"Tworzę zestaw atrybutów w Magento i zapisuję mapowanie.","Tworzę zestaw atrybutów w Magento i zapisuję mapowanie."
"Usuń mapowanie atrybutów","Usuń mapowanie atrybutów"
"SZKIC","SZKIC"
"Trwa automatyczny zapis nowego mapowania","Trwa automatyczny zapis nowego mapowania"
"ZAPISYWANIE","ZAPISYWANIE"
"Attribute set actions: Magento","Akcje zestawów atrybutów: Magento"
"Default Price","Domyślna cena"
"Default Product Status","Domyślny status produktu"
"Default Product Visibility","Domyślna widoczność produktu"
"Default Status","Domyślny status"
"Default Visibility","Domyślna widoczność"
"Let Magento handle it","Pozwól Magento obsłużyć to automatycznie"
"Mapped Price is synchronized from Ergonode on every product import. Default Price is assigned only when synchronization creates a Magento product.","Mapowana cena jest synchronizowana z Ergonode podczas każdego importu produktu. Domyślna cena jest przypisywana tylko podczas tworzenia produktu Magento przez synchronizację."
"Map Status from Ergonode or initialize it with a fixed Magento value.","Mapuj status z Ergonode albo ustaw stałą wartość początkową w Magento."
"Map an Ergonode Text attribute or let Magento generate URL Key from the product name. Magento normalizes mapped values and updates URL rewrites.","Mapuj atrybut tekstowy z Ergonode albo pozwól Magento wygenerować klucz URL z nazwy produktu. Magento normalizuje mapowane wartości i aktualizuje przekierowania URL."
"Map Visibility from Ergonode or initialize it with a fixed Magento value.","Mapuj widoczność z Ergonode albo ustaw stałą wartość początkową w Magento."
"Map from an Ergonode attribute","Mapuj z atrybutu Ergonode"
"Managed by Magento — use a default when creating","Zarządzane przez Magento — użyj wartości domyślnej podczas tworzenia"
"Managed by Magento — use the Ergonode name only when creating","Zarządzane przez Magento — użyj nazwy z Ergonode tylko podczas tworzenia"
"Mapping makes Name available and required on the category attribute mapping screen, and updates existing categories from the mapped Ergonode attribute. Magento mode uses the Ergonode category name only when creating a category and never overwrites it later.","Mapowanie udostępnia Nazwę jako wymagane pole na ekranie mapowania atrybutów kategorii i aktualizuje istniejące kategorie ze zmapowanego atrybutu Ergonode. Tryb Magento używa nazwy kategorii z Ergonode tylko podczas tworzenia i nigdy nie nadpisuje jej później."
"Mapping requires an Ergonode attribute and updates existing categories. Magento mode uses the default only when creating a category and never overwrites it later.","Mapowanie wymaga atrybutu Ergonode i aktualizuje istniejące kategorie. Tryb Magento używa wartości domyślnej tylko podczas tworzenia kategorii i nigdy nie nadpisuje jej później."
"Product Status","Status produktu"
"Required non-negative decimal value assigned when synchronization creates a Magento product.","Wymagana nieujemna wartość dziesiętna przypisywana podczas tworzenia produktu Magento przez synchronizację."
"Synchronize attributes with Magento","Synchronizuj atrybuty z Magento"
"Synchronize options with Magento","Synchronizuj opcje z Magento"
"Save manual changes before synchronizing attributes.","Zapisz ręczne zmiany przed synchronizacją atrybutów."
"Attributes have been synchronized.","Atrybuty zostały zsynchronizowane."
"Unable to synchronize attributes","Nie udało się zsynchronizować atrybutów"
"Unable to synchronize attributes with Magento.","Nie udało się zsynchronizować atrybutów z Magento."
"Refresh option data from Ergonode","Odśwież dane opcji z Ergonode"
"Save manual changes before refreshing options.","Zapisz ręczne zmiany przed odświeżeniem opcji."
"Option data has been refreshed from Ergonode.","Dane opcji zostały odświeżone z Ergonode."
"Unable to refresh options","Nie udało się odświeżyć opcji"
"Unable to refresh option data from Ergonode.","Nie udało się odświeżyć danych opcji z Ergonode."
"Save manual changes before synchronizing options.","Zapisz ręczne zmiany przed synchronizacją opcji."
"Options have been synchronized.","Opcje zostały zsynchronizowane."
"Unable to synchronize options","Nie udało się zsynchronizować opcji"
"Unable to synchronize options with Magento.","Nie udało się zsynchronizować opcji z Magento."
"The default Magento value is assigned only when synchronization creates a product. It is never used to update an existing product.","Domyślna wartość Magento jest przypisywana tylko podczas tworzenia produktu przez synchronizację. Nie jest nigdy używana do aktualizacji istniejącego produktu."
"URL Key","Klucz URL"
"Use a default Magento value","Użyj domyślnej wartości Magento"
"Used only when synchronization creates a Magento category. It does not update existing categories.","Używane tylko wtedy, gdy synchronizacja tworzy kategorię Magento. Nie aktualizuje istniejących kategorii."
"Value assigned when synchronization creates a Magento product.","Wartość przypisywana podczas tworzenia produktu Magento przez synchronizację."
"Visibility","Widoczność"
"%1 · Category reference","%1 · Odwołanie do kategorii"
"Default Category","Domyślna kategoria"
"Disabled","Wyłączone"
"File strategy","Strategia plików"
"Gallery mode is locked to ""%1"".","Tryb galerii jest zablokowany na „%1”."
"Media Gallery","Galeria multimediów"
"Optional Magento product attribute whose category ID is synchronized as an Ergonode category code.","Opcjonalny atrybut produktu Magento, którego ID kategorii jest synchronizowane jako kod kategorii Ergonode."
"SEO file per product","Plik SEO dla każdego produktu"
"Choose a valid gallery mode.","Wybierz prawidłowy tryb galerii."
"Shared files","Pliki współdzielone"
"Shared reuses a file; SEO creates a product-named copy. Locked after the first gallery.","Tryb współdzielony używa ponownie pliku; SEO tworzy kopię nazwaną na podstawie produktu. Ustawienie jest blokowane po pierwszej galerii."
"Synchronize Media Gallery","Synchronizuj galerię multimediów"
"Synchronize the Magento media gallery from Ergonode during product imports.","Synchronizuj galerię multimediów Magento z Ergonode podczas importowania produktów."
"Automatically synchronize option mappings","Automatycznie synchronizuj mapowanie opcji"
"Synchronize and complete option mappings","Synchronizuj i uzupełnij mapowanie opcji"
"Synchronize option mappings","Synchronizuj mapowanie opcji"
"Unable to refresh and persist option mappings.","Nie udało się odświeżyć i zapisać mapowań opcji."
"Unable to synchronize options: %1","Nie udało się zsynchronizować opcji: %1"
"Atrybut Magento już istnieje i został podpięty do mapowania.","Atrybut Magento już istnieje i został podpięty do mapowania."
"Atrybut Magento o kodzie „%1” już istnieje.","Atrybut Magento o kodzie „%1” już istnieje."
"Brakuje kodu albo typu atrybutu Ergonode.","Brakuje kodu albo typu atrybutu Ergonode."
"Tego typu atrybutu nie można utworzyć automatycznie w Magento.","Tego typu atrybutu nie można utworzyć automatycznie w Magento."
"Utwórz atrybut w Magento z atrybutu Ergonode","Utwórz atrybut w Magento z atrybutu Ergonode"
"Zapisz mapowanie kategorii","Zapisz mapowanie kategorii"
"Attribute batch cannot be empty.","Paczka atrybutów nie może być pusta."
"Attribute batch contains %1 items; the maximum is %2.","Paczka atrybutów zawiera %1 elementów; maksimum wynosi %2."
"Attribute has been synchronized with Ergonode.","Atrybut został zsynchronizowany z Ergonode."
"Category attribute batch cannot be empty.","Paczka atrybutów kategorii nie może być pusta."
"Category attribute batch contains %1 items; the maximum is %2.","Paczka atrybutów kategorii zawiera %1 elementów; maksimum wynosi %2."
"Category attribute has been synchronized with Ergonode.","Atrybut kategorii został zsynchronizowany z Ergonode."
"Invalid attribute batch payload.","Nieprawidłowe dane paczki atrybutów."
"Invalid category attribute batch payload.","Nieprawidłowe dane paczki atrybutów kategorii."
"Invalid option batch payload.","Nieprawidłowe dane paczki opcji."
"Magento attribute code, label and Ergonode type are required.","Kod i etykieta atrybutu Magento oraz typ Ergonode są wymagane."
"Magento category attribute code, label and Ergonode type are required.","Kod i etykieta atrybutu kategorii Magento oraz typ Ergonode są wymagane."
"Magento option code and label are required.","Kod i etykieta opcji Magento są wymagane."
"Missing attribute batch payload.","Brak danych paczki atrybutów."
"Missing category attribute batch payload.","Brak danych paczki atrybutów kategorii."
"Missing option batch payload.","Brak danych paczki opcji."
"Option batch cannot be empty.","Paczka opcji nie może być pusta."
"Option batch contains %1 items; the maximum is %2.","Paczka opcji zawiera %1 elementów; maksimum wynosi %2."
"Option has been synchronized with Ergonode.","Opcja została zsynchronizowana z Ergonode."
"Unable to create the Ergonode attribute.","Nie udało się utworzyć atrybutu Ergonode."
"Unable to create the Ergonode category attribute.","Nie udało się utworzyć atrybutu kategorii Ergonode."
"Unable to create the Ergonode option.","Nie udało się utworzyć opcji Ergonode."
"Unable to process the Ergonode attribute batch.","Nie udało się przetworzyć paczki atrybutów Ergonode."
"Unable to process the Ergonode category attribute batch.","Nie udało się przetworzyć paczki atrybutów kategorii Ergonode."
"Unable to process the Ergonode option batch.","Nie udało się przetworzyć paczki opcji Ergonode."
"opcji","opcji"
"Automatically match option mappings without saving","Automatycznie dopasuj mapowania opcji bez zapisywania"
"Attribute batch result has no source item.","Wynik paczki atrybutów nie zawiera elementu źródłowego."
"Complete missing option mappings without saving","Uzupełnij brakujące mapowania opcji bez zapisywania"
"Create Magento Attribute Sets","Twórz zestawy atrybutów Magento"
"Create and synchronize Magento attribute groups named ""Ergonode - {section}"". When disabled, synchronized attributes are placed in one common ""Ergonode"" group.","Twórz i synchronizuj grupy atrybutów Magento o nazwie ""Ergonode - {sekcja}"". Po wyłączeniu synchronizowane atrybuty trafiają do jednej wspólnej grupy ""Ergonode""."
"Delete Magento Options Missing in Ergonode","Usuń opcje Magento nieobecne w Ergonode"
"Delete mapped table-source Magento options that are no longer returned by Ergonode. Product values using deleted options can become empty.","Usuń mapowane opcje Magento ze źródłem tabelowym, których Ergonode już nie zwraca. Wartości produktów używające usuniętych opcji mogą stać się puste."
"Missing synchronization result for option ""%1"".","Brak wyniku synchronizacji dla opcji ""%1""."
"Synchronize Attributes","Synchronizuj atrybuty"
"Synchronize Option Sort Order","Synchronizuj kolejność opcji"
"Synchronize Sections","Synchronizuj sekcje"
"Unable to prepare automatic option mappings.","Nie udało się przygotować automatycznych mapowań opcji."
"Unable to synchronize the Ergonode attribute before saving its mapping.","Nie udało się zsynchronizować atrybutu Ergonode przed zapisaniem jego mapowania."
"Unable to synchronize the Ergonode option before saving its mapping.","Nie udało się zsynchronizować opcji Ergonode przed zapisaniem jej mapowania."
"Update Magento option positions to match their current order in Ergonode.","Aktualizuj pozycje opcji Magento zgodnie z ich bieżącą kolejnością w Ergonode."
"Invalid %1 batch payload.","Nieprawidłowy ładunek paczki %1."
"Missing %1 batch payload.","Brak ładunku paczki %1."
"Missing Magento action URL.","Brak adresu URL akcji Magento."
"Unable to process the Ergonode %1 batch.","Nie udało się przetworzyć paczki %1 Ergonode."
"Warning, data is unsaved","Uwaga, dane są niezapisane"
"You have unsaved changes. Do you want to save them before leaving this page?","Masz niezapisane zmiany. Czy chcesz je zapisać przed przejściem na inną stronę?"
"Discard","Odrzuć"
"Compare them with the permissions required by the selected operation.","Porównaj je z uprawnieniami wymaganymi przez wybraną operację."
"%1 available","Dostępne: %1"
"Available Ergonode synchronizations","Dostępne synchronizacje Ergonode"
"Available synchronizations","Dostępne synchronizacje"
"Cursor","Kursor"
"Cursor values show the last successfully stored position for each process.","Wartości kursora pokazują ostatnią poprawnie zapisaną pozycję każdego procesu."
"Enable an Ergonode consumer module to make its synchronization available.","Włącz moduł konsumenta Ergonode, aby udostępnić jego synchronizację."
"Ergonode Synchronization Status","Status synchronizacji Ergonode"
"Last synchronization","Ostatnia synchronizacja"
"Never","Nigdy"
"No cursor","Brak kursora"
"No synchronization processes are available.","Brak dostępnych procesów synchronizacji."
"Not synchronized yet","Jeszcze nie zsynchronizowano"
"Only processes registered by enabled Ergonode modules are displayed.","Wyświetlane są tylko procesy zarejestrowane przez włączone moduły Ergonode."
"Process code","Kod procesu"
"Synchronization processes","Procesy synchronizacji"
"Synchronization status","Status synchronizacji"
"Synchronizations","Synchronizacje"
"Synchronized","Zsynchronizowano"
"Synchronization actions","Akcje synchronizacji"
"Synchronization options","Opcje synchronizacji"
"Synchronize with Magento","Synchronizuj z Magento"
"Reset cursor & Sync","Zresetuj kursor i synchronizuj"
"Cursor for synchronization ""%1"" has been reset.","Kursor synchronizacji „%1” został zresetowany."
"Reset cursor","Resetuj kursor"
"Reset cursors for the selected synchronization processes?","Zresetować kursory zaznaczonych procesów synchronizacji?"
"Mark all synchronization processes","Zaznacz wszystkie procesy synchronizacji"
"Mark synchronization: %1","Zaznacz synchronizację: %1"
"Some selected synchronization operations failed.","Niektóre operacje dla zaznaczonych synchronizacji nie powiodły się."
"Synchronization ""%1"" has completed.","Synchronizacja „%1” została zakończona."
"Synchronization process ""%1"" is not available.","Proces synchronizacji „%1” nie jest dostępny."
"Unable to reset cursor for synchronization ""%1"".","Nie udało się zresetować kursora synchronizacji „%1”."
"Unable to run synchronization ""%1"".","Nie udało się uruchomić synchronizacji „%1”."
"An empty cursor does not determine synchronization success.","Pusty kursor nie określa wyniku synchronizacji."
"Checking…","Sprawdzanie…"
"Completed","Zakończono"
"Invalid synchronization status response.","Nieprawidłowa odpowiedź monitora synchronizacji."
"Live updates every 2 seconds. Last read: ","Odświeżanie co 2 sekundy. Ostatni odczyt: "
"Live updates unavailable. Last read: ","Odświeżanie niedostępne. Ostatni odczyt: "
"Loading live synchronization status…","Wczytywanie bieżącego stanu synchronizacji…"
"No checkpoint","Brak punktu wznowienia"
"No recorded data","Brak zapisanych danych"
"Last cursor reset","Ostatni reset kursora"
"Started","Rozpoczęto"
"Finished","Zakończono"
"Duration","Czas trwania"
"Progress","Postęp"
"Result","Wynik"
"Run","Uruchomienie"
"Unknown","Nieznany"
"imported","pobrane"
"changed","zmienione"
"unchanged","bez zmian"
"mapping conflicts","konflikty mapowania"
"option mappings","mapowania opcji"
"batches","partie"
"events","zdarzenia"
"Wstrzymaj","Wstrzymaj"
"Limits","Limity"
"Requests per minute","Requesty na minutę"
"Requests per minute must be a non-negative integer. Use 0 for no limit.","Liczba requestów na minutę musi być nieujemną liczbą całkowitą. 0 oznacza brak limitu."
"Internal limit shared by all GraphQL requests, including connection tests. 0 disables the limit. The quota resets at the start of each minute. Exceeding it raises Too Many Requests before contacting Ergonode.","Wewnętrzny limit wspólny dla wszystkich requestów GraphQL, w tym testów połączenia. 0 wyłącza limit. Pula odnawia się na początku każdej minuty. Przekroczenie powoduje błąd Too Many Requests przed połączeniem z Ergonode."
"Too Many Requests — internal Magento limit for Ergonode GraphQL: %1 requests/min. Try again in %2 seconds.","Too Many Requests — wewnętrzny limit Magento dla Ergonode GraphQL: %1 requestów/min. Spróbuj ponownie za %2 s."
"Internal Magento limiter for Ergonode GraphQL is busy. Try again in 1 second.","Wewnętrzny limiter Magento dla Ergonode GraphQL jest zajęty. Spróbuj ponownie za 1 s."
"Actions","Akcje"
"Base address of the production Ergonode instance, for example https://example.ergonode.cloud","Adres bazowy produkcyjnej instancji Ergonode, np. https://example.ergonode.cloud"
"Base address of the test Ergonode instance, for example https://example.ergonode.cloud","Adres bazowy testowej instancji Ergonode, np. https://example.ergonode.cloud"
"Connection mode","Tryb połączenia"
"Environment","Środowisko"
"Pending","Oczekuje"
"Production","Produkcja"
"Production environment","Środowisko produkcyjne"
"Read API Key","Klucz API odczytu"
"Select which Ergonode environment supplies the URL and API keys.","Wybierz środowisko Ergonode, z którego mają pochodzić adres URL i klucze API."
"Test","Test"
"Test Read Connection","Sprawdź połączenie odczytu"
"Test environment","Środowisko testowe"
"Use a read-only Ergonode API key for the production environment.","Użyj klucza API Ergonode z dostępem tylko do odczytu w środowisku produkcyjnym."
"Use a read-only Ergonode API key for the test environment.","Użyj klucza API Ergonode z dostępem tylko do odczytu w środowisku testowym."
"View","Zobacz"
"General","Ogólne"
"Active environment","Aktywne środowisko"
"Operating mode","Tryb pracy"
"URL","URL"
"API key","Klucz API"
"Test connection","Testuj połączenie"
"Use https://tenant.ergonode.cloud. Required for the active environment.","Użyj adresu https://tenant.ergonode.cloud. Wymagany dla aktywnego środowiska."
"Shared by all GraphQL requests to this environment, including connection tests and retries. 0 disables the limit. Resets at the start of each minute. Save changes before testing.","Wspólny limit wszystkich żądań GraphQL do tego środowiska, w tym testów połączenia i ponowień. Wartość 0 wyłącza limit. Licznik zeruje się na początku każdej minuty. Zapisz zmiany przed testem."
"API key is required for the active environment and operating mode.","Klucz API jest wymagany dla aktywnego środowiska i trybu pracy."
"Choose a valid Ergonode environment.","Wybierz prawidłowe środowisko Ergonode."
"Choose an available Ergonode operating mode.","Wybierz dostępny tryb pracy Ergonode."
"Configure the API key for the active environment and operating mode.","Skonfiguruj klucz API dla aktywnego środowiska i trybu pracy."
"The selected Ergonode operating mode is available.","Wybrany tryb pracy Ergonode jest dostępny."
"The active connection API key is configured.","Klucz API aktywnego połączenia jest skonfigurowany."
"Use https://tenant.ergonode.cloud. Required when this environment is active and enabled.","Użyj https://tenant.ergonode.cloud. Wymagane, gdy środowisko jest aktywne, a połączenie włączone."
"The active connection is enabled and its operating mode is available.","Aktywne połączenie jest włączone, a jego tryb pracy dostępny."
"Enable the active Ergonode connection and choose an available operating mode.","Włącz aktywne połączenie Ergonode i wybierz dostępny tryb pracy."
"The active Ergonode connection is disabled or its mode is unavailable.","Aktywne połączenie Ergonode jest wyłączone lub jego tryb pracy jest niedostępny."
"Loading...","Ładowanie..."
"Last cursor update","Ostatnia aktualizacja kursora"
"Message","Komunikat"
"Running","W trakcie"
"Success","Sukces"
"Attribute mapping history","Historia mapowania atrybutów"
"Mapping saved","Zapis mapowania"
"Automatic mapping","Mapowanie automatyczne"
"Snapshot refreshed","Odświeżenie danych"
"Snapshot removed","Usunięcie danych"
"History could not be loaded. Try again.","Nie udało się wczytać historii. Spróbuj ponownie."
"%1 changes","Zmiany: %1"
"Change list: %1","Lista zmian: %1"
"Current state","Stan bieżący"
"New operations will appear here after mappings are saved or synchronized.","Nowe operacje pojawią się tutaj po zapisaniu mapowania lub synchronizacji."
"%1 of %2 operations","Operacje: %1 z %2"
"Load 10 older","Wczytaj 10 starszych"
"Try again","Spróbuj ponownie"
"Option mappings saved","Zapisano mapowania opcji"
"Options refreshed","Odświeżono opcje"
"Option snapshot removed","Usunięto snapshot opcji"
"Attribute definition checks","Kontrola definicji atrybutów"
"Checks attributeStream and attributeDeletedStream before dependent imports. Refreshes the complete shared snapshot when changes are detected.","Sprawdza attributeStream i attributeDeletedStream przed importami zależnymi. Po wykryciu zmian odświeża wszystkie wspólne definicje atrybutów."
"Information only — runs with dependent imports.","Informacja — kontrola uruchamia się przy importach zależnych."
"Last check started","Rozpoczęcie ostatniej kontroli"
"Last change detected","Ostatnia wykryta zmiana"
"No recorded check","Brak zapisanej kontroli"
"Started — completion not yet recorded","Rozpoczęto — zakończenie nie zostało jeszcze zapisane"
"Change detected — refresh in progress","Wykryto zmianę — trwa odświeżanie"
"Initial snapshot loaded","Pobrano stan początkowy"
"No changes","Brak zmian"
"Changes detected and applied","Wykryto i zastosowano zmiany"
"This view is unavailable.","Ten widok jest niedostępny."
"Configure the Ergonode connection to access this view.","Skonfiguruj połączenie z Ergonode, aby otworzyć ten widok."
"Ask an administrator to configure the Ergonode connection.","Poproś administratora o skonfigurowanie połączenia z Ergonode."
"Open configuration","Otwórz konfigurację"
"Check again","Sprawdź ponownie"
"Use https://tenant.ergonode.cloud. Required for the active environment when the connection is enabled.","Użyj https://tenant.ergonode.cloud. Wymagane dla aktywnego środowiska, gdy połączenie jest włączone."
"Zatrzymaj","Zatrzymaj"
