"Configure a valid HTTPS Ergonode URL.","Ustaw poprawny adres HTTPS instancji Ergonode."
"Log in to Ergonode to continue this operation.","Zaloguj się do Ergonode, aby kontynuować tę operację."
"Enable the Ergonode write connection before using REST.","Włącz tryb zapisu połączenia Ergonode przed użyciem REST."
"Ergonode REST request failed (HTTP %1).","Żądanie REST Ergonode nie powiodło się (HTTP %1)."
"Ergonode rejected the request parameters (HTTP 400). Check the integration request format. Details were recorded in the Magento log.","Ergonode odrzuciło parametry żądania (HTTP 400). Sprawdź format danych wysyłanych przez integrację. Szczegóły zapisano w logu Magento."
"Ergonode rejected the request method (HTTP 405). The integration request must be corrected. Details were recorded in the Magento log.","Ergonode odrzuciło metodę żądania (HTTP 405). Wymagana jest poprawka sposobu komunikacji integracji. Szczegóły zapisano w logu Magento."
"Ergonode REST returned an invalid response.","REST Ergonode zwrócił niepoprawną odpowiedź."
"Ergonode REST returned invalid JSON.","REST Ergonode zwrócił niepoprawny JSON."
"Ergonode did not return a valid access and refresh token pair.","Ergonode nie zwrócił poprawnej pary tokenów dostępu i odświeżania."
"Ergonode email and password are required.","Podaj e-mail i hasło konta Ergonode."
"Ergonode rejected the renewed session. Log in again.","Ergonode odrzucił odświeżone połączenie. Zaloguj się ponownie."
"Invalid Ergonode REST request.","Niepoprawne żądanie REST Ergonode."
"The Ergonode REST connection expired. Log in again.","Połączenie REST Ergonode wygasło. Zaloguj się ponownie."
"The Ergonode account changed. Restart publication.","Konto Ergonode zostało zmienione. Uruchom publikację ponownie."
"The Ergonode connection is being renewed. Retry shortly.","Trwa odświeżanie połączenia Ergonode. Spróbuj ponownie za chwilę."
"Unable to connect to Ergonode REST. Retry the operation.","Nie można połączyć się z REST Ergonode. Ponów operację."
"Manage Shared REST Connection","Zarządzanie wspólnym połączeniem REST"
