"Unable to log in to Ergonode.","Nie udało się zalogować do Ergonode."
"Why is login required?","Dlaczego logowanie jest potrzebne?"
"Magento can create categories automatically, but Ergonode does not allow category trees to be created or rearranged through the integration connection.","Magento może automatycznie tworzyć kategorie, ale połączenie integracyjne Ergonode nie pozwala tworzyć drzew kategorii ani zmieniać ich układu."
"Your Ergonode account must be allowed to view categories and category trees, and to create and edit category trees.","Twoje konto Ergonode musi mieć uprawnienia do wyświetlania kategorii i drzew kategorii oraz do tworzenia i edycji drzew kategorii."
"The Ergonode login or password is incorrect.","Login lub hasło Ergonode są nieprawidłowe."
"This Ergonode account is not allowed to access the API.","To konto Ergonode nie ma dostępu do API."
"Your Ergonode session has expired or is invalid. Log in again.","Sesja Ergonode wygasła lub jest nieprawidłowa. Zaloguj się ponownie."
"Your Ergonode account does not have permission to perform this operation.","Konto Ergonode nie ma uprawnień do wykonania tej operacji."
"Publish","Opublikuj"
"Category is required.","Kategoria jest wymagana."
"The Magento category does not belong to an active Ergonode Category Tree.","Kategoria Magento nie należy do aktywnego drzewa kategorii Ergonode."
"Unable to create the Ergonode category: %1","Nie udało się utworzyć kategorii Ergonode: %1"
"Ergonode did not return the created category identifier.","Ergonode nie zwróciło identyfikatora utworzonej kategorii."
"The category has been created in Ergonode and mapped with Magento.","Kategoria została utworzona w Ergonode i zmapowana z Magento."
"Unable to create and map the category in Ergonode.","Nie udało się utworzyć i zmapować kategorii w Ergonode."
"Category ""%1"" was skipped because Ergonode category code ""%2"" is already used.","Kategoria ""%1"" została pominięta, ponieważ kod kategorii Ergonode ""%2"" jest już używany."
"Invalid category collision report.","Nieprawidłowe zgłoszenie kolizji kodu kategorii."
"This operation changes the Ergonode category tree. Log in for this admin session.","Ta operacja zmienia drzewo kategorii Ergonode. Zaloguj się na czas tej sesji administratora."
"Ergonode login","Login Ergonode"
"Password","Hasło"
"Cancel","Anuluj"
"Log in","Zaloguj"
"Log in to Ergonode","Logowanie do Ergonode"
"Login failed.","Logowanie nie powiodło się."
"Unable to check the API session. Log in again.","Nie udało się sprawdzić sesji API. Zaloguj się ponownie."
"Unable to connect to Magento.","Nie udało się połączyć z Magento."
"Missing Magento action URL.","Brakuje adresu URL akcji Magento."
"Checking the Ergonode write configuration…","Sprawdzanie konfiguracji zapisu do Ergonode…"
"Unable to check the Ergonode write configuration. Try again.","Nie udało się sprawdzić konfiguracji zapisu do Ergonode. Spróbuj ponownie."
"Open configuration","Otwórz konfigurację"
"Check again","Sprawdź ponownie"
"Create","Utwórz"
"This operation changes the Ergonode category tree. Connect a shared integration account for the active environment.","Ta operacja zmienia drzewo kategorii w Ergonode. Połącz wspólne konto integracyjne dla aktywnego środowiska."
"Category codes must be non-empty and unique.","Kody kategorii muszą być niepuste i unikalne."
"Category tree contains a cycle.","Drzewo kategorii zawiera cykl."
"Automatic retries stopped. Publication progress was retained. Click Publish to resume.","Automatyczne ponawianie zostało zatrzymane. Zachowano postęp publikacji. Kliknij Opublikuj, aby wznowić."
