"Additional role position","Pozycja dodatkowej roli"
"Additional image role","Dodatkowa rola zdjęcia"
"Additional gallery images","Dodatkowe zdjęcia w galerii"
"Ergonode Image attribute","Atrybut Image w Ergonode"
"Position in Magento gallery","Pozycja w galerii Magento"
"Add image","Dodaj zdjęcie"
"Remove image","Usuń zdjęcie"
"Actions","Akcje"
"None","Brak"
"Unavailable","Niedostępny"
"Choose an Image attribute","Wybierz atrybut Image"
"Image attributes are unavailable. Check the Ergonode connection.","Lista atrybutów Image jest niedostępna. Sprawdź połączenie z Ergonode."
"Each Image attribute can be used only once.","Każdy atrybut Image można wybrać tylko raz."
"Each gallery position can be used only once.","Każdą pozycję galerii można przypisać tylko raz."
"Choose a global image role position between 2 and 65535.","Wybierz globalną pozycję roli zdjęcia od 2 do 65535."
"Additional images must be configured globally.","Dodatkowe zdjęcia należy skonfigurować globalnie."
"Image roles must be configured globally.","Role zdjęć należy skonfigurować globalnie."
"Choose one available additional Magento image role.","Wybierz jedną dostępną dodatkową rolę zdjęcia Magento."
"The selected Image attribute is no longer available.","Wybrany atrybut Image nie jest już dostępny."
"Choose an Image attribute and a position between 2 and 65535.","Wybierz atrybut Image i pozycję od 2 do 65535."
"Each Image attribute and gallery position can be used only once.","Atrybut Image i pozycja w galerii mogą wystąpić tylko raz."
"Position in the completed Magento gallery, after inserting additional Image attributes. Default: 2.","Pozycja w wynikowej galerii Magento, po wstawieniu zdjęć z dodatkowych atrybutów Image. Domyślnie: 2."
"Choose one existing Magento image attribute. Native primary roles and attributes already mapped individually are excluded.","Wybierz jeden istniejący atrybut zdjęcia Magento. Lista pomija natywne role główne oraz atrybuty mapowane indywidualnie."
"Select the Ergonode Gallery attribute. The first image in the completed Magento gallery receives image, small_image and thumbnail. We synchronize the gallery first, then its roles. Synchronization overwrites manual changes to managed roles.","Wybierz atrybut Gallery w Ergonode. Pierwsze zdjęcie wynikowej galerii Magento otrzymuje role image, small_image i thumbnail. Najpierw synchronizujemy galerię, a następnie role zdjęć. Synchronizacja nadpisuje ręczne zmiany zarządzanych ról."
"Insert Image attributes starting from position 2. An existing resource is moved without adding a copy. Other images retain their relative order. A position beyond the gallery length appends the image. The first Gallery image stays first.","Zdjęcia z atrybutów Image można wstawiać od pozycji 2. Istniejący zasób jest przesuwany bez tworzenia kopii. Pozostałe zdjęcia zachowują wzajemną kolejność. Pozycja większa od liczby zdjęć oznacza dodanie na końcu. Pierwsze zdjęcie z Gallery pozostaje pierwsze."
