"Synchronize Media","Synchronizuj media"
"Gallery Attribute","Atrybut galerii"
"Choose a gallery attribute","Wybierz atrybut galerii"
"Select the Ergonode Gallery attribute used for product images.","Wybierz atrybut typu Gallery w Ergonode używany do zdjęć produktów."
"Synchronize the Magento media gallery from Ergonode during product imports.","Synchronizuj galerię mediów Magento z Ergonode podczas importu produktów."
"Choose a global gallery attribute.","Wybierz globalny atrybut galerii."
"The selected attribute is not an available Ergonode Gallery attribute.","Wybrany atrybut nie jest dostępnym atrybutem typu Gallery w Ergonode."
"Gallery list unavailable: %1","Lista galerii jest niedostępna: %1"
"Local Media","Lokalne media"
"Local media index","Indeks lokalnych mediów"
"The scan runs in the background. You can leave this page.","Skan działa w tle. Możesz opuścić tę stronę."
"Refresh status","Odśwież status"
"Error details","Szczegóły błędu"
"Full scan required","Wymagany pełny skan"
"Waiting for the background worker","Oczekiwanie na zadanie w tle"
"Scanning local media","Skanowanie lokalnych mediów"
"Scan completed","Skan zakończony"
"Scan failed","Skan zakończony błędem"
"Estimated scan progress","Szacowany postęp skanu"
"Loading scan status","Wczytywanie stanu skanu"
"Scan media","Przeskanuj media"
"Shared media synchronization is waiting for the first successful full scan.","Synchronizacja mediów w trybie shared oczekuje na pierwszy pełny, udany skan."
"The scan requirement does not block media synchronization.","Wymóg skanu nie blokuje synchronizacji mediów."
"Checked: %1 files. Estimated scope from the database: about %2 paths.","Sprawdzono: %1 plików. Szacowany zakres z bazy: około %2 ścieżek."
"Checked: %1 files. Missing index entries removed: %2.","Sprawdzono: %1 plików. Usunięto wpisy brakujących plików: %2."
"Remaining time is being estimated. The scope may change during the scan.","Trwa szacowanie pozostałego czasu. Zakres może zmienić się podczas skanu."
"Approximately %1 min remaining; elapsed: %2 s.","Pozostało około %1 min; upłynęło: %2 s."
"No successful full scan yet.","Nie wykonano jeszcze pełnego, udanego skanu."
"Last successful full scan: %1","Ostatni pełny, udany skan: %1"
"Refresh index","Odśwież indeks"
"Verify file integrity","Zweryfikuj integralność plików"
"Waiting for file verification","Oczekiwanie na weryfikację plików"
"Verifying file integrity","Trwa weryfikacja integralności plików"
"File verification completed","Weryfikacja plików zakończona"
"File verification completed at: %1","Weryfikacja plików zakończona: %1"
"Verification runs only on request, in the background. You can leave this page. It reads all original product media and reports mapping mismatches without downloading or repairing files.","Weryfikacja działa wyłącznie na żądanie, w tle. Możesz opuścić tę stronę. Odczytuje oryginalne media produktów i raportuje niezgodności mapowań, bez pobierania lub naprawiania plików."
"Unable to read scan status. Refresh the status or sign in again.","Nie udało się odczytać stanu skanu. Odśwież status lub zaloguj się ponownie."
"Unable to request a scan.","Nie udało się zlecić skanu."
"Unable to request a scan. Refresh the status before trying again.","Nie udało się zlecić skanu. Odśwież status przed ponowną próbą."
"You do not have permission to scan media.","Nie masz uprawnień do skanowania mediów."
"Additional role position","Pozycja dodatkowej roli"
"Additional image role","Dodatkowa rola zdjęcia"
"Additional gallery images","Dodatkowe zdjęcia w galerii"
"Ergonode Image attribute","Atrybut Image w Ergonode"
"Position in Magento gallery","Pozycja w galerii Magento"
"Add image","Dodaj zdjęcie"
"Remove image","Usuń zdjęcie"
"Actions","Akcje"
"None","Brak"
"Unavailable","Niedostępny"
"Choose an Image attribute","Wybierz atrybut Image"
"Image attributes are unavailable. Check the Ergonode connection.","Lista atrybutów Image jest niedostępna. Sprawdź połączenie z Ergonode."
"Each Image attribute can be used only once.","Każdy atrybut Image można wybrać tylko raz."
"Each gallery position can be used only once.","Każdą pozycję galerii można przypisać tylko raz."
"Choose a global image role position between 2 and 65535.","Wybierz globalną pozycję roli zdjęcia od 2 do 65535."
"Additional images must be configured globally.","Dodatkowe zdjęcia należy skonfigurować globalnie."
"Image roles must be configured globally.","Role zdjęć należy skonfigurować globalnie."
"Choose one available additional Magento image role.","Wybierz jedną dostępną dodatkową rolę zdjęcia Magento."
"The selected Image attribute is no longer available.","Wybrany atrybut Image nie jest już dostępny."
"Choose an Image attribute and a position between 2 and 65535.","Wybierz atrybut Image i pozycję od 2 do 65535."
"Each Image attribute and gallery position can be used only once.","Atrybut Image i pozycja w galerii mogą wystąpić tylko raz."
"Position in the completed Magento gallery, after inserting additional Image attributes. Default: 2.","Pozycja w wynikowej galerii Magento, po wstawieniu zdjęć z dodatkowych atrybutów Image. Domyślnie: 2."
"Choose one existing Magento image attribute. Native primary roles and attributes already mapped individually are excluded.","Wybierz jeden istniejący atrybut zdjęcia Magento. Lista pomija natywne role główne oraz atrybuty mapowane indywidualnie."
"Select the Ergonode Gallery attribute. The first image in the completed Magento gallery receives image, small_image and thumbnail. We synchronize the gallery first, then its roles. Synchronization overwrites manual changes to managed roles.","Wybierz atrybut Gallery w Ergonode. Pierwsze zdjęcie wynikowej galerii Magento otrzymuje role image, small_image i thumbnail. Najpierw synchronizujemy galerię, a następnie role zdjęć. Synchronizacja nadpisuje ręczne zmiany zarządzanych ról."
"Insert Image attributes starting from position 2. An existing resource is moved without adding a copy. Other images retain their relative order. A position beyond the gallery length appends the image. The first Gallery image stays first.","Zdjęcia z atrybutów Image można wstawiać od pozycji 2. Istniejący zasób jest przesuwany bez tworzenia kopii. Pozostałe zdjęcia zachowują wzajemną kolejność. Pozycja większa od liczby zdjęć oznacza dodanie na końcu. Pierwsze zdjęcie z Gallery pozostaje pierwsze."
"Media","Media"
"Verification completed: %1 content mismatches, %2 missing files, %3 unreadable files. See logs for paths and details. No files were repaired.","Weryfikacja zakończona: %1 plików z niezgodną zawartością, %2 brakujących plików, %3 plików niemożliwych do odczytania. Ścieżki i szczegóły są w logach. Nie naprawiono żadnych plików."
"File verification was interrupted. Request a new verification manually.","Weryfikacja plików została przerwana. Zleć nową weryfikację ręcznie."
"Additional Magento images","Dodatkowe zdjęcia w Magento"
"Disabled - keep additional Magento images","Wyłączone — zachowaj dodatkowe zdjęcia w Magento"
"Hide additional Magento images","Ukrywaj dodatkowe zdjęcia w Magento"
"Synchronize one to one - unlink additional Magento images","Synchronizuj jeden do jednego — odłącz dodatkowe zdjęcia w Magento"
"Default: keep images added outside the integration. Hide marks them disabled for this product; one-to-one synchronization unlinks them when absent from Ergonode. Shared files and other products are preserved. Files with no remaining use are deleted after the product save. Previously managed images still follow the imported gallery. Changes apply on the next gallery synchronization.","Domyślnie zachowuj zdjęcia dodane poza integracją. Ukrywanie wyłącza je dla tego produktu; synchronizacja jeden do jednego odłącza zdjęcia nieobecne w Ergonode. Wspólne pliki i inne produkty pozostają bez zmian. Pliki bez pozostałych użyć są usuwane po zapisie produktu. Zdjęcia wcześniej zarządzane przez integrację nadal podążają za importowaną galerią. Zmiana działa podczas następnej synchronizacji galerii."
"Choose a valid mode for additional Magento images.","Wybierz poprawny tryb obsługi dodatkowych zdjęć w Magento."
"Additional Magento image handling must be configured globally.","Obsługę dodatkowych zdjęć w Magento należy skonfigurować globalnie."
"Choose an image position between 2 and 65535.","Wybierz pozycję zdjęcia od 2 do 65535."
"Additional image configuration must contain a JSON list of rules.","Konfiguracja dodatkowych zdjęć musi zawierać listę reguł w formacie JSON."
"Invalid media setting ""%1"": %2.","Nieprawidłowe ustawienie mediów ""%1"": %2."
