"Import Product Data","Pobieranie danych produktów"
"A batch must contain between 1 and 50 products.","Paczka musi zawierać od 1 do 50 produktów."
"Invalid product identifiers.","Nieprawidłowe identyfikatory produktów."
"Product identifiers must be unique.","Identyfikatory produktów nie mogą się powtarzać."
"Mapped product attributes were updated in Magento.","Zmapowane atrybuty produktu zostały zaktualizowane w Magento."
"This product has no Ergonode SKU mapping.","Ten produkt nie ma przypisanego SKU Ergonode."
"The mapped product does not exist in Ergonode.","Powiązany produkt nie istnieje w Ergonode."
"Unexpected error while importing the product.","Nieoczekiwany błąd podczas pobierania danych produktu."
"%1 Product ID: %2. Ergonode SKU: %3. Earlier writes may have completed. Log reference: %4.","%1 ID produktu: %2. SKU Ergonode: %3. Część danych mogła zostać zapisana. Numer błędu w logu: %4."
"Enable the Ergonode connection and configure credentials for the active mode.","Włącz połączenie z Ergonode i skonfiguruj klucz API dla aktywnego trybu."
"Map the default Magento language before importing product data.","Zmapuj domyślny język Magento przed pobraniem danych produktów."
"Map product attributes before importing their values.","Zmapuj atrybuty produktów przed pobraniem ich wartości."
"Attribute ""%1"" does not belong to the product attribute set.","Atrybut „%1” nie należy do zestawu atrybutów produktu."
"Required attribute ""%1"" has no default value in Ergonode.","Wymagany atrybut „%1” nie ma wartości w domyślnym języku Ergonode."
"Attribute ""%1"" has conflicting values in stores of website %2. Magento uses website scope.","Atrybut „%1” ma sprzeczne wartości w sklepach witryny %2. Magento przechowuje jedną wartość dla całej witryny."
