"Wymagany","Required"
"Brak atrybutów w tej sekcji.","There are no attributes in this section."
"Template","Template"
"Zestaw atrybutów","Attribute set"
"Tylko podgląd","Read only"
"Wczytywanie struktury zestawu atrybutów…","Loading attribute set structure…"
"Nie udało się wczytać struktury zestawu atrybutów.","Unable to load attribute set structure."
"Sekcje i atrybuty szablonu","Template sections and attributes"
"Aktualna struktura zestawu","Current attribute set structure"
"Poza zestawem","Outside the attribute set"
"Pozostałe atrybuty Magento","Other Magento attributes"
"Bez sekcji","Without a section"
"Brak lokalnych danych o strukturze szablonu.","There is no local template structure data."
"Brak grup w zestawie atrybutów.","There are no groups in this attribute set."
"Wszystkie atrybuty należą do tego zestawu.","All attributes belong to this attribute set."
"Struktura zestawu atrybutów","Attribute set structure"
"Atrybut Ergonode: ","Ergonode attribute: "
"Sekcja Ergonode: ","Ergonode section: "
"Brak w szablonie Ergonode — zachowany ręcznie","Missing from the Ergonode template — kept manually"
"Magento — zachowana struktura","Magento — preserved structure"
