"Enable the active Ergonode connection and choose an available operating mode.","Włącz aktywne połączenie Ergonode i wybierz dostępny tryb działania."
"Choose Read and write mode to allow creating categories.","Wybierz tryb Odczyt i zapis, aby umożliwić tworzenie kategorii."
"The read-and-write API key for the active environment is missing.","Brakuje klucza API do odczytu i zapisu dla aktywnego środowiska."
"Creating categories in Ergonode is unavailable. %1 %2","Tworzenie kategorii w Ergonode jest niedostępne. %1 %2"
"Check the active environment, operating mode and API key in Connection configuration.","Sprawdź aktywne środowisko, tryb działania i klucz API w konfiguracji połączenia."
"Ask an administrator to check the active environment, operating mode and API key.","Poproś administratora o sprawdzenie aktywnego środowiska, trybu działania i klucza API."
"Test Write Connection","Sprawdź połączenie zapisu"
"Use a separate Ergonode API key with write access for the production environment.","Użyj osobnego klucza API Ergonode z uprawnieniami zapisu w środowisku produkcyjnym."
"Use a separate Ergonode API key with write access for the test environment.","Użyj osobnego klucza API Ergonode z uprawnieniami zapisu w środowisku testowym."
"Write API Key","Klucz API zapisu"
"Read and write","Odczyt i zapis"
"Checks connectivity with this environment's key. Does not verify write permissions or change the active environment.","Sprawdza połączenie kluczem tego środowiska. Nie potwierdza uprawnień zapisu ani nie zmienia aktywnego środowiska."
"Check connection","Sprawdź połączenie"
"Password","Hasło"
"Unable to log in to Ergonode.","Nie można zalogować się do Ergonode."
"Unable to read or change the Ergonode connection.","Nie można odczytać lub zmienić połączenia Ergonode."
"Log in to Ergonode to continue this operation.","Zaloguj się do Ergonode, aby kontynuować tę operację."
"Remember me","Zapamiętaj mnie"
"When selected, Magento remembers this account for the active environment. Otherwise, login lasts only for your current admin session. Your password is never saved.","Po zaznaczeniu Magento zapamięta to konto dla aktywnego środowiska. Bez zaznaczenia logowanie działa tylko w bieżącej sesji administratora. Hasło nigdy nie jest zapisywane."
"This operation needs access to the Ergonode REST API, including product requirements or category trees.","Ta operacja wymaga dostępu do REST API Ergonode, m.in. do wymagań produktów lub drzew kategorii."
"Your Ergonode account must have permission to access the data required by this operation.","Twoje konto Ergonode musi mieć uprawnienia do danych potrzebnych w tej operacji."
"Unable to check the Ergonode connection.","Nie udało się sprawdzić połączenia z Ergonode."
"Use a read-and-write API key without an assigned segment. Product publication requires access to the entire product catalog. Required when the connection is enabled and this profile is active.","Użyj klucza API do odczytu i zapisu bez przypisanego segmentu. Publikacja produktów wymaga dostępu do całego katalogu produktów. Klucz jest wymagany, gdy połączenie jest włączone, a ten profil jest aktywny."
