"History","Historia"
"Category Tree History","Historia drzewa kategorii"
"Category tree","Drzewo kategorii"
"Tree with changes","Drzewo ze zmianami"
"Tree side","Strona drzewa"
"Search the tree...","Szukaj w drzewie..."
"Created","Utworzono"
"Child of a created category","Dziecko nowej kategorii"
"This category belongs to the branch created at %1.","Ta kategoria należy do nowej gałęzi: %1."
"Removed from list","Usunięcie z listy"
"Moved","Przeniesiono"
"Deleted","Usunięto"
"Mapping","Mapowanie"
"Other","Inne"
"Synchronization and save history","Historia synchronizacji i zapisów"
"Select a grouped operation","Wybierz zgrupowaną operację"
"Operations","Operacje"
"Operation details","Szczegóły operacji"
"Changes and context","Zmiany i kontekst"
"Choose a historical operation to inspect its changes.","Wybierz operację historyczną, aby sprawdzić jej zmiany."
"Selected change","Wybrana zmiana"
"Show on tree","Pokaż na drzewie"
"Changes","Zmiany"
"Categories","Kategorie"
"Structure","Struktura"
"Mappings","Mapowania"
"Source","Źródło"
"Started","Rozpoczęto"
"Actor","Użytkownik"
"system","system"
"No configured category trees","Brak skonfigurowanych drzew kategorii"
"Configure a category tree before its changes can be recorded.","Skonfiguruj drzewo kategorii, zanim jego zmiany będą rejestrowane."
"Current state","Stan bieżący"
"Without historical highlights","Bez historycznych oznaczeń"
"Changes in selected operation","Zmiany w wybranej operacji"
"The operation did not change this tree.","Operacja nie zmieniła tego drzewa."
"No recorded operations","Brak zarejestrowanych operacji"
"History starts after this module is installed.","Historia rozpoczyna się po instalacji tego modułu."
"History could not be loaded.","Nie udało się wczytać historii."
"No categories on this side of the tree.","Brak kategorii po tej stronie drzewa."
"No categories in the Magento tree.","Brak kategorii w drzewie Magento."
"No categories in the Ergonode tree.","Brak kategorii w drzewie Ergonode."
"Previous mapping","Poprzednie mapowanie"
"Not mapped","Bez mapowania"
"Collapse children","Zwiń dzieci"
"Expand children","Rozwiń dzieci"
"Previous location","Poprzednia lokalizacja"
"From","Skąd"
"To","Dokąd"
"Change details","Szczegóły zmiany"
"Previous parent: %1","Poprzedni rodzic: %1"
"Parent: %1 → %2","Rodzic: %1 → %2"
"Position: %1 → %2","Pozycja: %1 → %2"
"Name: %1 → %2","Nazwa: %1 → %2"
"Magento: %1 → %2","Magento: %1 → %2"
"The category appears at this location after the operation.","Kategoria pojawia się w tym miejscu po operacji."
"This is the last location before deletion.","To ostatnia lokalizacja przed usunięciem."
"Ergonode parent: %1 → %2","Rodzic Ergonode: %1 → %2"
"Ergonode position: %1 → %2","Pozycja Ergonode: %1 → %2"
"Visibility: %1 → %2","Widoczność: %1 → %2"
"included","włączona"
"excluded","wyłączona"
"none","brak"
"Admin save","Zapis w panelu"
"Snapshot refresh","Odświeżenie snapshotu"
"Category synchronization","Synchronizacja kategorii"
"Category data synchronization","Synchronizacja danych kategorii"
"Full category synchronization","Pełna synchronizacja kategorii"
"%1 changes in %2 categories","%1 zmian w %2 kategoriach"
"%1 trees in this run","%1 drzew w tym uruchomieniu"
"Connected","Połączono"
"Category actions: %1","Działania na kategoriach: %1"
"Show connected categories","Pokaż połączone kategorie"
"Hide connected categories","Ukryj połączone kategorie"
"All categories are connected.","Wszystkie kategorie są połączone."
"No categories match your search.","Brak kategorii pasujących do wyszukiwania."
"Disconnected","Rozłączono"
"Remapped","Przemapowano"
"Reordered","Zmieniono kolejność"
"Renamed","Zmieniono nazwę"
"Included","Włączono"
"Excluded","Wyłączono"
"Moved in Ergonode","Przeniesiono w Ergonode"
"Reordered in Ergonode","Zmieniono kolejność w Ergonode"
"success","sukces"
"warning","ostrzeżenie"
"failed","błąd"
"Cron","Cron"
"CLI","CLI"

"Retry","Spróbuj ponownie"
"Change list","Lista zmian"
"Change list: %1","Lista zmian: %1"
"%1 of %2 operations · %3 remaining","%1 z %2 operacji · pozostało: %3"
"A category tree is required.","Wymagane jest drzewo kategorii."
"Load %1 older","Wczytaj %1 starszych"
"Older category-tree history operations could not be loaded.","Nie udało się wczytać starszych operacji historii drzewa kategorii."
"Older history operations could not be loaded.","Nie udało się wczytać starszych operacji historii."
"Search %1 tree","Szukaj w drzewie %1"
"The category-tree history could not be loaded.","Nie udało się wczytać historii drzewa kategorii."
"Only changes","Tylko zmiany"
"No changes to show.","Brak zmian do pokazania."
"Changes made by the selected operation.","Zmiany wprowadzone przez wybraną operację."
"Attribute and option history","Historia atrybutów i opcji"
"Attribute history","Historia atrybutów"
"Tree history","Historia drzewa"
"Record changes","Zapisuj zmiany"
"Automatic cleanup","Automatyczne czyszczenie"
"Keep for (days)","Przechowuj przez (dni)"
"Schedule","Harmonogram"
"Disabling recording preserves existing history. Changes made while disabled are not backfilled.","Wyłączenie zapisu zachowuje istniejącą historię. Zmiany z okresu wyłączenia nie są uzupełniane wstecz."
"Permanently remove expired history, including existing records. Cleanup also runs when recording is disabled.","Trwale usuwa przeterminowaną historię, także istniejące wpisy. Czyszczenie działa również przy wyłączonym zapisie."
"Keep history for this many days after an operation finishes. Enter a positive whole number; default: 30.","Przechowuj historię przez podaną liczbę dni od zakończenia operacji. Wpisz dodatnią liczbę całkowitą; domyślnie: 30."
"History retention must be a positive whole number of days.","Okres przechowywania historii musi być dodatnią liczbą całkowitą dni."
"Five-part cron expression in the Magento configuration timezone. Default: 30 2 * * *.","Pięcioczęściowe wyrażenie cron w strefie czasowej konfiguracji Magento. Domyślnie: 30 2 * * *."
