"Sortuj po ID","Sort by ID"
"Brak niezmapowanych template.","No unmapped templates."
"Brak pobranych szablonów Ergonode.","No Ergonode templates have been fetched."
"Dodaj template do mapowania: %1","Add template to mapping: %1"
"Kliknij dwukrotnie lub przeciągnij szablon i zestaw atrybutów","Double-click or drag a template and attribute set"
"Masz niezapisane mapowanie template/set. Kontynuować synchronizację bez zapisu mapowania?","You have an unsaved template/attribute set mapping. Continue synchronization without saving it?"
"Nie udało się odświeżyć template.","Unable to refresh templates."
"Nie udało się zainicjalizować widoku Templates: %1","Unable to initialize the Templates view: %1"
"Odśwież szablony z Ergonode","Refresh templates from Ergonode"
"Odświeżam template z Ergonode...","Refreshing templates from Ergonode..."
"Odświeżono template. Batchy: %1, zmienione: %2, bez zmian: %3","Templates refreshed. Batches: %1, changed: %2, unchanged: %3"
"Synchronizować wybrane mapowanie template z Magento? Zmiany zostaną zapisane.","Synchronize the selected template mapping with Magento? Changes will be saved."
"Synchronizuję template...","Synchronizing templates..."
"Szukaj template...","Search templates..."
"Upuść template","Drop a template"
"Utwórz zestaw atrybutów w Magento z szablonu Ergonode","Create a Magento attribute set from the Ergonode template"
"Włącz / wyłącz template w mapowaniu","Enable or disable the template in mapping"
"Włączony szablon do mapowania","Template enabled for mapping"
"Zapisuję mapowanie template -> attribute set...","Saving template → attribute set mapping..."
"Odświeżanie szablonów","Refreshing templates"
"Mapowanie szablonów","Template Mapping"
"Synchronizowanie szablonów","Synchronizing templates"
"Pobieram dane z Ergonode i aktualizuję zestawy atrybutów Magento.","Fetching Ergonode data and updating Magento attribute sets."
"Synchronizacja zakończona","Synchronization completed"
"Pobrane: %1, zmienione: %2. Przeładowuję widok.","Imported: %1, changed: %2. Reloading the view."
"Nie udało się zsynchronizować template.","Unable to synchronize templates."
"Nie udało się zsynchronizować template z Magento.","Unable to synchronize templates with Magento."
"Opcje szablonu","Template options"
"Pokaż szablony i zestawy atrybutów pominięte w mapowaniu","Show templates and attribute sets skipped in mapping"
"Ukryj szablony i zestawy atrybutów pominięte w mapowaniu","Hide templates and attribute sets skipped in mapping"
"Nie udało się zapisać mapowania szablonów","Unable to save template mappings"
"Nie można utworzyć template dla tego szkicu.","Cannot create a template for this draft."
"Podgląd struktury zestawu atrybutów","Preview attribute set structure"
