"Template actions: Ergonode","Akcje szablonów: Ergonode"
"Attribute set actions: Magento","Akcje zestawów atrybutów: Magento"
"Show excluded templates and attribute sets","Pokaż szablony i zestawy atrybutów wykluczone z mapowania"
"Hide excluded templates and attribute sets","Ukryj szablony i zestawy atrybutów wykluczone z mapowania"
"Ergonode template has been synchronized.","Szablon Ergonode został zsynchronizowany."
"Invalid template mapping payload.","Dane mapowania szablonów są nieprawidłowe."
"Invalid template visibility payload.","Dane widoczności szablonów są nieprawidłowe."
"Synchronization after Template Import","Synchronizacja po imporcie szablonów"
"Synchronize mapped templates automatically after import. Full mode creates missing Magento groups named ""Ergonode - {section}"" and synchronizes attributes into them. Attributes-only mode does not create groups.","Po imporcie automatycznie synchronizuj zmapowane szablony. Tryb pełny tworzy brakujące grupy Magento o nazwie ""Ergonode - {section}"" i synchronizuje w nich atrybuty. Tryb tylko atrybuty nie tworzy grup."
"Template mappings have been saved.","Mapowania szablonów zostały zapisane."
"Templates vs Attribute Sets","Szablony vs zestawy atrybutów"
"Unable to refresh Ergonode templates: %1","Nie udało się odświeżyć szablonów Ergonode: %1"
"Unable to save template mappings: %1","Nie udało się zapisać mapowań szablonów: %1"
"Unable to synchronize Ergonode template: %1","Nie udało się zsynchronizować szablonu Ergonode: %1"
"When disabled, Ergonode template sync cannot create Magento attribute sets automatically. Templates must be mapped to existing attribute sets.","Gdy opcja jest wyłączona, synchronizacja szablonów Ergonode nie może automatycznie tworzyć zestawów atrybutów Magento. Szablony muszą być mapowane do istniejących zestawów atrybutów."
"Used Magento attribute sets have an Ergonode template mapping.","Używane zestawy atrybutów Magento mają mapowanie szablonu Ergonode."
"Attribute set ID %1 (%2 product(s)) does not have an Ergonode template mapping. Products using this attribute set will be skipped.","Zestaw atrybutów ID %1 (%2 produktów) nie ma mapowania szablonu Ergonode. Produkty używające tego zestawu zostaną pominięte."
"Ergonode template refresh did not finish. Try again.","Odświeżanie template'ów Ergonode nie zakończyło się. Spróbuj ponownie."
"Disconnect template ""%1"" before removing it from this list.","Odłącz mapowanie szablonu „%1” przed usunięciem go z tej listy."
"Enable only when the Ergonode GraphQL schema exposes templateStream. Its cursor is retained after every successful cycle.","Włącz tylko wtedy, gdy schemat GraphQL Ergonode udostępnia templateStream. Kursor jest zachowywany po każdym pomyślnym cyklu."
"Normalize the Magento attribute set name and map it when the result exactly matches an unmapped Ergonode template code. Ambiguous or already claimed attribute sets are skipped.","Normalizuj nazwę zestawu atrybutów Magento i mapuj go, gdy wynik dokładnie odpowiada kodowi niezmapowanego szablonu Ergonode. Niejednoznaczne lub już przypisane zestawy atrybutów są pomijane."
"Use Template Change Stream","Używaj strumienia zmian szablonów"
"Synchronize templates with Magento","Synchronizuj szablony z Magento"
"Templates synchronized. Imported: %1, changed: %2.","Szablony zsynchronizowane. Pobrane: %1, zmienione: %2."
"Unable to synchronize templates: %1","Nie udało się zsynchronizować szablonów: %1"
"Templates","Szablony"
"Nie udało się zapisać mapowania szablonów","Nie udało się zapisać mapowania szablonów"
"Invalid template mapping draft payload.","Dane szkicu mapowania szablonów są nieprawidłowe."
"Magento cron expression used to synchronize templateStream from its last saved cursor.","Wyrażenie cron Magento używane do synchronizacji templateStream od ostatniego zapisanego kursora."
"Match an existing Magento attribute set by normalized template code or create one from the default product skeleton when no unique match exists.","Dopasuj istniejący zestaw atrybutów Magento według znormalizowanego kodu szablonu albo utwórz go z domyślnego szkieletu produktu, gdy nie istnieje jednoznaczne dopasowanie."
"Reset the template stream cursor?","Zresetować kursor strumienia szablonów?"
"Reset the template stream cursor and synchronize templates from the beginning?","Zresetować kursor strumienia szablonów i zsynchronizować szablony od początku?"
"The template stream cursor has been reset.","Kursor strumienia szablonów został zresetowany."
"Unsupported template synchronization action.","Nieobsługiwana akcja synchronizacji szablonów."
